This is pdfTeX, Version 3.141592653-2.6-1.40.28 (MiKTeX 25.12) (preloaded format=pdflatex 2026.6.12)  10 AUG 2026 17:09
entering extended mode
 restricted \write18 enabled.
 %&-line parsing enabled.
**./refman.tex
(refman.tex
LaTeX2e <2025-11-01>
L3 programming layer <2025-12-24>
(C:\Users\Stefan\AppData\Local\Programs\MiKTeX\tex/generic/iftex\iftex.sty
Package: iftex 2024/12/12 v1.0g TeX engine tests
)
(C:\Users\Stefan\AppData\Local\Programs\MiKTeX\tex/latex/base\book.cls
Document Class: book 2025/01/22 v1.4n Standard LaTeX document class
(C:\Users\Stefan\AppData\Local\Programs\MiKTeX\tex/latex/base\bk10.clo
File: bk10.clo 2025/01/22 v1.4n Standard LaTeX file (size option)
)
\c@part=\count275
\c@chapter=\count276
\c@section=\count277
\c@subsection=\count278
\c@subsubsection=\count279
\c@paragraph=\count280
\c@subparagraph=\count281
\c@figure=\count282
\c@table=\count283
\abovecaptionskip=\skip49
\belowcaptionskip=\skip50
\bibindent=\dimen148
)
(C:\Users\Stefan\AppData\Local\Programs\MiKTeX\tex/generic/infwarerr\infwarerr.
sty
package info suppressed
) (doxygen.sty
Package: doxygen 

(C:\Users\Stefan\AppData\Local\Programs\MiKTeX\tex/latex/base\alltt.sty
Package: alltt 2024/07/07 v2.0g defines alltt environment
)
(C:\Users\Stefan\AppData\Local\Programs\MiKTeX\tex/latex/tools\array.sty
Package: array 2025/09/25 v2.6n Tabular extension package (FMi)
\col@sep=\dimen149
\ar@mcellbox=\box53
\extrarowheight=\dimen150
\NC@list=\toks17
\extratabsurround=\skip51
\backup@length=\skip52
\ar@cellbox=\box54
)
(C:\Users\Stefan\AppData\Local\Programs\MiKTeX\tex/latex/tools\calc.sty
Package: calc 2025/03/01 v4.3b Infix arithmetic (KKT,FJ)
\calc@Acount=\count284
\calc@Bcount=\count285
\calc@Adimen=\dimen151
\calc@Bdimen=\dimen152
\calc@Askip=\skip53
\calc@Bskip=\skip54
LaTeX Info: Redefining \setlength on input line 86.
LaTeX Info: Redefining \addtolength on input line 87.
\calc@Ccount=\count286
\calc@Cskip=\skip55
)
(C:\Users\Stefan\AppData\Local\Programs\MiKTeX\tex/latex/float\float.sty
Package: float 2001/11/08 v1.3d Float enhancements (AL)
\c@float@type=\count287
\float@exts=\toks18
\float@box=\box55
\@float@everytoks=\toks19
\@floatcapt=\box56
)
(C:\Users\Stefan\AppData\Local\Programs\MiKTeX\tex/latex/base\ifthen.sty
Package: ifthen 2024/03/16 v1.1e Standard LaTeX ifthen package (DPC)
)
(C:\Users\Stefan\AppData\Local\Programs\MiKTeX\tex/latex/tools\verbatim.sty
Package: verbatim 2024-01-22 v1.5x LaTeX2e package for verbatim enhancements
\every@verbatim=\toks20
\verbatim@line=\toks21
\verbatim@in@stream=\read2
)
(C:\Users\Stefan\AppData\Local\Programs\MiKTeX\tex/latex/varwidth\varwidth.sty
Package: varwidth 2009/03/30 ver 0.92;  Variable-width minipages
\@vwid@box=\box57
\sift@deathcycles=\count288
\@vwid@loff=\dimen153
\@vwid@roff=\dimen154
)
==> First Aid for varwidth.sty applied!
(C:\Users\Stefan\AppData\Local\Programs\MiKTeX\tex/latex/xcolor\xcolor.sty
Package: xcolor 2024/09/29 v3.02 LaTeX color extensions (UK)

(C:\Users\Stefan\AppData\Local\Programs\MiKTeX\tex/latex/graphics-cfg\color.cfg
File: color.cfg 2016/01/02 v1.6 sample color configuration
)
Package xcolor Info: Driver file: pdftex.def on input line 274.

(C:\Users\Stefan\AppData\Local\Programs\MiKTeX\tex/latex/graphics-def\pdftex.de
f
File: pdftex.def 2025/09/29 v1.2d Graphics/color driver for pdftex
)
(C:\Users\Stefan\AppData\Local\Programs\MiKTeX\tex/latex/graphics\mathcolor.ltx
)
Package xcolor Info: Model `cmy' substituted by `cmy0' on input line 1349.
Package xcolor Info: Model `hsb' substituted by `rgb' on input line 1353.
Package xcolor Info: Model `RGB' extended on input line 1365.
Package xcolor Info: Model `HTML' substituted by `rgb' on input line 1367.
Package xcolor Info: Model `Hsb' substituted by `hsb' on input line 1368.
Package xcolor Info: Model `tHsb' substituted by `hsb' on input line 1369.
Package xcolor Info: Model `HSB' substituted by `hsb' on input line 1370.
Package xcolor Info: Model `Gray' substituted by `gray' on input line 1371.
Package xcolor Info: Model `wave' substituted by `hsb' on input line 1372.
)
(C:\Users\Stefan\AppData\Local\Programs\MiKTeX\tex/latex/colortbl\colortbl.sty
Package: colortbl 2026/05/01 v1.0l Color table columns (DPC)
\everycr=\toks22
\minrowclearance=\skip56
\rownum=\count289
) (C:\Users\Stefan\AppData\Local\Programs\MiKTeX\tex/latex/tools\longtable.sty
Package: longtable 2025-10-13 v4.24 Multi-page Table package (DPC)
\LTleft=\skip57
\LTright=\skip58
\LTpre=\skip59
\LTpost=\skip60
\LTchunksize=\count290
\LTcapwidth=\dimen155
\LT@head=\box58
\LT@firsthead=\box59
\LT@foot=\box60
\LT@lastfoot=\box61
\LT@gbox=\box62
\LT@cols=\count291
\LT@rows=\count292
\c@LT@tables=\count293
\c@LT@chunks=\count294
\LT@p@ftn=\toks23
)
(C:\Users\Stefan\AppData\Local\Programs\MiKTeX\tex/latex/xltabular\xltabular.st
y
Package: xltabular 2025/02/28 v0.2i `xltabular' package (hv,RN)
 (C:\Users\Stefan\AppData\Local\Programs\MiKTeX\tex/latex/tools\tabularx.sty
Package: tabularx 2023/12/11 v2.12a `tabularx' package (DPC)
\TX@col@width=\dimen156
\TX@old@table=\dimen157
\TX@old@col=\dimen158
\TX@target=\dimen159
\TX@delta=\dimen160
\TX@cols=\count295
\TX@ftn=\toks24
)
(C:\Users\Stefan\AppData\Local\Programs\MiKTeX\tex/latex/etoolbox\etoolbox.sty
Package: etoolbox 2025/10/02 v2.5m e-TeX tools for LaTeX (JAW)
\etb@tempcnta=\count296
) (C:\Users\Stefan\AppData\Local\Programs\MiKTeX\tex/latex/ltablex\ltablex.sty
Package: ltablex 2014/08/13 v1.1 Modified tabularx
))
(C:\Users\Stefan\AppData\Local\Programs\MiKTeX\tex/latex/tabularray\tabularray.
sty
Package: tabularray 2025-11-27 v2025C Typeset tabulars and arrays with LaTeX3

(C:\Users\Stefan\AppData\Local\Programs\MiKTeX\tex/latex/ninecolors\ninecolors.
sty
Package: ninecolors 2022-02-13 v2022D Select colors with proper color contrast

(C:\Users\Stefan\AppData\Local\Programs\MiKTeX\tex/latex/l3packages/xparse\xpar
se.sty
(C:\Users\Stefan\AppData\Local\Programs\MiKTeX\tex/latex/l3kernel\expl3.sty
Package: expl3 2025-12-24 L3 programming layer (loader) 

(C:\Users\Stefan\AppData\Local\Programs\MiKTeX\tex/latex/l3backend\l3backend-pd
ftex.def
File: l3backend-pdftex.def 2025-10-09 L3 backend support: PDF output (pdfTeX)
\l__color_backend_stack_int=\count297
))
Package: xparse 2025-10-09 L3 Experimental document command parser
))
\g__tblr_nohyper_int=\count298
\l__tblr_a_int=\count299
\l__tblr_c_int=\count300
\l__tblr_r_int=\count301
\l__tblr_d_dim=\dimen161
\l__tblr_h_dim=\dimen162
\l__tblr_o_dim=\dimen163
\l__tblr_p_dim=\dimen164
\l__tblr_q_dim=\dimen165
\l__tblr_r_dim=\dimen166
\l__tblr_s_dim=\dimen167
\l__tblr_t_dim=\dimen168
\l__tblr_v_dim=\dimen169
\l__tblr_w_dim=\dimen170
\l__tblr_a_box=\box63
\l__tblr_b_box=\box64
\l__tblr_c_box=\box65
\l__tblr_d_box=\box66
\c@tblrcount=\count302
\c@colnum=\count303
\c@rowcount=\count304
\c@colcount=\count305
\abovesep=\dimen171
\belowsep=\dimen172
\leftsep=\dimen173
\rightsep=\dimen174
\gTblrLevelInt=\count306
\g__tblr_data_row_key_count_int=\count307
\g__tblr_data_column_key_count_int=\count308
\g__tblr_data_cell_key_count_int=\count309
\g__tblr_array_int=\count310
\l__tblr_key_count_int=\count311
\l__tblr_key_quotient_int=\count312
\l__tblr_key_quotient_two_int=\count313
\l__tblr_key_remainder_int=\count314
\g__tblr_data_str_value_count_int=\count315
\lTblrChildTotalInt=\count316
\lTblrChildHtotalInt=\count317
\lTblrChildVtotalInt=\count318
\l__child_diff_h_int=\count319
\l__child_diff_v_int=\count320
\l__child_sign_h_int=\count321
\l__child_sign_v_int=\count322
\l__child_step_int=\count323
\lTblrDefaultHruleWidthDim=\dimen175
\lTblrDefaultVruleWidthDim=\dimen176
\l__tblr_split_balance_int=\count324
\l__tblr_strut_dp_dim=\dimen177
\l__tblr_strut_ht_dim=\dimen178
\g__tblr_cell_wd_dim=\dimen179
\g__tblr_cell_ht_dim=\dimen180
\g__tblr_cell_head_dim=\dimen181
\g__tblr_cell_foot_dim=\dimen182
\l__tblr_measured_cell_box=\box67
\g__tblr_last_box=\box68
\l__tblr_temp_box=\box69
\l__tblr_column_target_dim=\dimen183
\l__tblr_hfuzz_dim=\dimen184
\l__tblr_caption_box=\box70
\l__tblr_caption_left_box=\box71
\lTblrRowHeadInt=\count325
\lTblrRowFootInt=\count326
\l__tblr_row_head_box=\box72
\l__tblr_row_foot_box=\box73
\l__tblr_row_head_foot_dim=\dimen185
\lTblrTableWidthDim=\dimen186
\l__tblr_table_firsthead_box=\box74
\l__tblr_table_middlehead_box=\box75
\l__tblr_table_lasthead_box=\box76
\l__tblr_table_firstfoot_box=\box77
\l__tblr_table_middlefoot_box=\box78
\l__tblr_table_lastfoot_box=\box79
\l__tblr_remain_height_dim=\dimen187
\l__tblr_next_rows_dim=\dimen188
\l__tblr_page_overfill_dim=\dimen189
\l__tblr_long_from_int=\count327
\l__tblr_long_to_int=\count328
\l__tblr_curr_i_int=\count329
\l__tblr_prev_i_int=\count330
\lTblrTablePageInt=\count331
\l__tblr_table_head_box=\box80
\l__tblr_table_foot_box=\box81
\l__tblr_table_head_foot_dim=\dimen190
\l__tblr_table_head_body_foot_dim=\dimen191
\l__tblr_table_box=\box82
\lTblrRowFirstInt=\count332
\lTblrRowLastInt=\count333
\l__tblr_cover_box_a_dim=\dimen192
\l__tblr_cover_box_b_dim=\dimen193
\l__tblr_table_hlines_box=\box83
\l__tblr_hline_box=\box84
\l__tblr_row_box=\box85
\l__tblr_col_o_wd_dim=\dimen194
\l__tblr_col_b_wd_dim=\dimen195
\l__tblr_hline_leftskip_dim=\dimen196
\l__tblr_hline_rightskip_dim=\dimen197
\l__tblr_row_ht_dim=\dimen198
\l__tblr_row_dp_dim=\dimen199
\l__tblr_row_abovesep_dim=\dimen256
\l__tblr_row_belowsep_dim=\dimen257
\l__tblr_row_vlines_box=\box86
\l__tblr_vline_box=\box87
\l__tblr_cell_box=\box88
\l__tblr_row_upper_dim=\dimen258
\l__tblr_row_lower_dim=\dimen259
\l__tblr_row_vpace_dim=\dimen260
\l__tblr_vline_aboveskip_dim=\dimen261
\l__tblr_vline_belowskip_dim=\dimen262
\lTblrCellRowSpanInt=\count334
\lTblrCellColSpanInt=\count335
\l__tblr_cell_wd_dim=\dimen263
\l__tblr_cell_ht_dim=\dimen264
\lTblrCellAboveBorderWidthDim=\dimen265
\lTblrCellBelowBorderWidthDim=\dimen266
\lTblrCellLeftBorderWidthDim=\dimen267
\lTblrCellRightBorderWidthDim=\dimen268
\l__tblr_diag_box=\box89
\l__tblr_cell_inner_wd_dim=\dimen269
\l__tblr_cell_inner_dp_dim=\dimen270
\l__tblr_cell_hanchor_dim=\dimen271
\l__tblr_last_cell_table_ht_dim=\dimen272
\l__tblr_last_cell_table_dp_dim=\dimen273
\l__tblr_last_vline_wd_dim=\dimen274
\l__tblr_tikz_node_box=\box90
)
\g__doxy_nohyper_int=\count336
\doxytablewidth=\dimen275

(C:\Users\Stefan\AppData\Local\Programs\MiKTeX\tex/latex/fancyvrb\fancyvrb.sty
Package: fancyvrb 2026/04/16 4.6a verbatim text (tvz,hv)

(C:\Users\Stefan\AppData\Local\Programs\MiKTeX\tex/latex/graphics\keyval.sty
Package: keyval 2022/05/29 v1.15 key=value parser (DPC)
\KV@toks@=\toks25
)
\FV@CodeLineNo=\count337
\FV@InFile=\read3
\FV@TabBox=\box91
\c@FancyVerbLine=\count338
\FV@StepNumber=\count339
\FV@OutFile=\write3
)
(C:\Users\Stefan\AppData\Local\Programs\MiKTeX\tex/latex/tools\multicol.sty
Package: multicol 2025/10/21 v2.0b multicolumn formatting (FMi)
\c@tracingmulticols=\count340
\mult@box=\box92
\multicol@leftmargin=\dimen276
\c@unbalance=\count341
\c@collectmore=\count342
\doublecol@number=\count343
\multicoltolerance=\count344
\multicolpretolerance=\count345
\full@width=\dimen277
\page@free=\dimen278
\premulticols=\dimen279
\postmulticols=\dimen280
\multicolsep=\skip61
\multicolbaselineskip=\skip62
\partial@page=\box93
\last@line=\box94
\mc@boxedresult=\box95
\maxbalancingoverflow=\dimen281
\mult@rightbox=\box96
\mult@grightbox=\box97
\mult@firstbox=\box98
\mult@gfirstbox=\box99
\@tempa=\box100
\@tempa=\box101
\@tempa=\box102
\@tempa=\box103
\@tempa=\box104
\@tempa=\box105
\@tempa=\box106
\@tempa=\box107
\@tempa=\box108
\@tempa=\box109
\@tempa=\box110
\@tempa=\box111
\@tempa=\box112
\@tempa=\box113
\@tempa=\box114
\@tempa=\box115
\@tempa=\box116
\@tempa=\box117
\@tempa=\box118
\@tempa=\box119
\@tempa=\box120
\@tempa=\box121
\@tempa=\box122
\@tempa=\box123
\@tempa=\box124
\@tempa=\box125
\@tempa=\box126
\@tempa=\box127
\@tempa=\box128
\@tempa=\box129
\@tempa=\box130
\@tempa=\box131
\@tempa=\box132
\@tempa=\box133
\@tempa=\box134
\@tempa=\box135
\c@minrows=\count346
\c@columnbadness=\count347
\c@finalcolumnbadness=\count348
\last@try=\dimen282
\multicolovershoot=\dimen283
\multicolundershoot=\dimen284
\mult@nat@firstbox=\box136
\colbreak@box=\box137
\mc@col@check@num=\count349
\g__mc_curr_col_int=\count350
)
(C:\Users\Stefan\AppData\Local\Programs\MiKTeX\tex/latex/multirow\multirow.sty
Package: multirow 2024/11/12 v2.9 Span multiple rows of a table
\multirow@colwidth=\skip63
\multirow@cntb=\count351
\multirow@dima=\skip64
\bigstrutjot=\dimen285
) (C:\Users\Stefan\AppData\Local\Programs\MiKTeX\tex/latex/hanging\hanging.sty
Package: hanging 2009/09/02 v1.2b hanging paragraphs and punctuation
\h@ngcommawd=\skip65
\h@ngfstopwd=\skip66
\h@ngquotewd=\skip67
\h@ngdquotewd=\skip68
\h@ngquerywd=\skip69
\h@ngexclwd=\skip70
\h@ngcolonwd=\skip71
\h@ngscolonwd=\skip72
)
(C:\Users\Stefan\AppData\Local\Programs\MiKTeX\tex/generic/iftex\ifpdf.sty
Package: ifpdf 2019/10/25 v3.4 ifpdf legacy package. Use iftex instead.
)
(C:\Users\Stefan\AppData\Local\Programs\MiKTeX\tex/latex/adjustbox\adjustbox.st
y
Package: adjustbox 2025/02/26 v1.3c Adjusting TeX boxes (trim, clip, ...)
 (C:\Users\Stefan\AppData\Local\Programs\MiKTeX\tex/latex/xkeyval\xkeyval.sty
Package: xkeyval 2022/06/16 v2.9 package option processing (HA)

(C:\Users\Stefan\AppData\Local\Programs\MiKTeX\tex/generic/xkeyval\xkeyval.tex
(C:\Users\Stefan\AppData\Local\Programs\MiKTeX\tex/generic/xkeyval\xkvutils.tex
\XKV@toks=\toks26
\XKV@tempa@toks=\toks27
)
\XKV@depth=\count352
File: xkeyval.tex 2014/12/03 v2.7a key=value parser (HA)
))
(C:\Users\Stefan\AppData\Local\Programs\MiKTeX\tex/latex/adjustbox\adjcalc.sty
Package: adjcalc 2012/05/16 v1.1 Provides advanced setlength with multiple back
-ends (calc, etex, pgfmath)
)
(C:\Users\Stefan\AppData\Local\Programs\MiKTeX\tex/latex/adjustbox\trimclip.sty
Package: trimclip 2025/02/21 v1.2a Trim and clip general TeX material
(C:\Users\Stefan\AppData\Local\Programs\MiKTeX\tex/latex/graphics\graphicx.sty
Package: graphicx 2024/12/31 v1.2e Enhanced LaTeX Graphics (DPC,SPQR)

(C:\Users\Stefan\AppData\Local\Programs\MiKTeX\tex/latex/graphics\graphics.sty
Package: graphics 2024/08/06 v1.4g Standard LaTeX Graphics (DPC,SPQR)

(C:\Users\Stefan\AppData\Local\Programs\MiKTeX\tex/latex/graphics\trig.sty
Package: trig 2023/12/02 v1.11 sin cos tan (DPC)
)
(C:\Users\Stefan\AppData\Local\Programs\MiKTeX\tex/latex/graphics-cfg\graphics.
cfg
File: graphics.cfg 2016/06/04 v1.11 sample graphics configuration
)
Package graphics Info: Driver file: pdftex.def on input line 106.
)
\Gin@req@height=\dimen286
\Gin@req@width=\dimen287
)
(C:\Users\Stefan\AppData\Local\Programs\MiKTeX\tex/latex/collectbox\collectbox.
sty
Package: collectbox 2022/10/17 v0.4c Collect macro arguments as boxes
\collectedbox=\box138
)
\tc@llx=\dimen288
\tc@lly=\dimen289
\tc@urx=\dimen290
\tc@ury=\dimen291
Package trimclip Info: Using driver 'tc-pdftex.def'.

(C:\Users\Stefan\AppData\Local\Programs\MiKTeX\tex/latex/adjustbox\tc-pdftex.de
f
File: tc-pdftex.def 2025/02/26 v2.3 Clipping driver for pdftex
))
\adjbox@Width=\dimen292
\adjbox@Height=\dimen293
\adjbox@Depth=\dimen294
\adjbox@Totalheight=\dimen295
\adjbox@pwidth=\dimen296
\adjbox@pheight=\dimen297
\adjbox@pdepth=\dimen298
\adjbox@ptotalheight=\dimen299

(C:\Users\Stefan\AppData\Local\Programs\MiKTeX\tex/latex/ifoddpage\ifoddpage.st
y
Package: ifoddpage 2022/10/18 v1.2 Conditionals for odd/even page detection
\c@checkoddpage=\count353
))
(C:\Users\Stefan\AppData\Local\Programs\MiKTeX\tex/latex/amsfonts\amssymb.sty
Package: amssymb 2013/01/14 v3.01 AMS font symbols

(C:\Users\Stefan\AppData\Local\Programs\MiKTeX\tex/latex/amsfonts\amsfonts.sty
Package: amsfonts 2013/01/14 v3.01 Basic AMSFonts support
\@emptytoks=\toks28
\symAMSa=\mathgroup4
\symAMSb=\mathgroup5
LaTeX Font Info:    Redeclaring math symbol \hbar on input line 98.
LaTeX Font Info:    Overwriting math alphabet `\mathfrak' in version `bold'
(Font)                  U/euf/m/n --> U/euf/b/n on input line 106.
))
(C:\Users\Stefan\AppData\Local\Programs\MiKTeX\tex/latex/stackengine\stackengin
e.sty
Package: stackengine 2021/07/22 v4.11\ Stacking text and objects in convenient 
ways

(C:\Users\Stefan\AppData\Local\Programs\MiKTeX\tex/latex/listofitems\listofitem
s.sty
(C:\Users\Stefan\AppData\Local\Programs\MiKTeX\tex/generic/listofitems\listofit
ems.tex
\loi_cnt_foreach_nest=\count354
\loi_nestcnt=\count355
)
Package: listofitems 2024/03/09 v1.65 Grab items in lists using user-specified 
sep char (CT)
)
\c@@stackindex=\count356
\@boxshift=\skip73
\stack@tmplength=\skip74
\temp@stkl=\skip75
\@stackedboxwidth=\skip76
\@addedbox=\box139
\@anchorbox=\box140
\@insetbox=\box141
\se@backgroundbox=\box142
\stackedbox=\box143
\@centerbox=\box144
\c@ROWcellindex@=\count357
)
(C:\Users\Stefan\AppData\Local\Programs\MiKTeX\tex/latex/enumitem\enumitem.sty
Package: enumitem 2025/02/06 v3.11 Customized lists
\labelindent=\skip77
\enit@outerparindent=\dimen300
\enit@toks=\toks29
\enit@inbox=\box145
\enit@count@id=\count358
\enitdp@description=\count359
)
(C:\Users\Stefan\AppData\Local\Programs\MiKTeX\tex/generic/alphalph\alphalph.st
y
Package: alphalph 2019/12/09 v2.6 Convert numbers to letters (HO)

(C:\Users\Stefan\AppData\Local\Programs\MiKTeX\tex/generic/intcalc\intcalc.sty
Package: intcalc 2019/12/15 v1.3 Expandable calculations with integers (HO)
)) (C:\Users\Stefan\AppData\Local\Programs\MiKTeX\tex/latex/ulem\ulem.sty
\UL@box=\box146
\UL@hyphenbox=\box147
\UL@skip=\skip78
\UL@hook=\toks30
\UL@height=\dimen301
\UL@pe=\count360
\UL@pixel=\dimen302
\ULC@box=\box148
Package: ulem 2019/11/18
\ULdepth=\dimen303
)
\xrefbox=\box149
\xreflength=\skip79
\CodeWidthChar=\skip80
\CodeHeightChar=\skip81
\DoxyCodeWidth=\skip82
\ttcharwidth=\skip83
\c@DoxyEnumeratei=\count361
\c@DoxyEnumerateii=\count362
\c@DoxyEnumerateiii=\count363
\c@DoxyEnumerateiv=\count364
\c@DoxyEnumeratev=\count365
\c@DoxyEnumeratevi=\count366
\c@DoxyEnumeratevii=\count367
\c@DoxyEnumerateviii=\count368
\c@DoxyEnumerateix=\count369
\c@DoxyEnumeratex=\count370
\c@DoxyEnumeratexi=\count371
\c@DoxyEnumeratexii=\count372
\enitdp@DoxyEnumerate=\count373
\enitdp@DoxyItemize=\count374
\doxymboxbox=\box150
\doxymboxlength=\skip84
\c@subsubsubsection=\count375
\c@subsubsubsubsection=\count376
\c@subsubsubsubsubsection=\count377
\c@subsubsubsubsubsubsection=\count378
)
(C:\Users\Stefan\AppData\Local\Programs\MiKTeX\tex/latex/base\inputenc.sty
Package: inputenc 2024/02/08 v1.3d Input encoding file
\inpenc@prehook=\toks31
\inpenc@posthook=\toks32
)
(C:\Users\Stefan\AppData\Local\Programs\MiKTeX\tex/latex/base\makeidx.sty
Package: makeidx 2021/10/04 v1.0m Standard LaTeX package
)
(C:\Users\Stefan\AppData\Local\Programs\MiKTeX\tex/latex/base\textcomp.sty
Package: textcomp 2024/04/24 v2.1b Standard LaTeX package
)
(C:\Users\Stefan\AppData\Local\Programs\MiKTeX\tex/latex/wasysym\wasysym.sty
Package: wasysym 2020/01/19 v2.4 Wasy-2 symbol support package
\symwasy=\mathgroup6
LaTeX Font Info:    Overwriting symbol font `wasy' in version `bold'
(Font)                  U/wasy/m/n --> U/wasy/b/n on input line 93.
)
(C:\Users\Stefan\AppData\Local\Programs\MiKTeX\tex/generic/iftex\ifxetex.sty
Package: ifxetex 2019/10/25 v0.7 ifxetex legacy package. Use iftex instead.
)
(C:\Users\Stefan\AppData\Local\Programs\MiKTeX\tex/generic/babel\babel.sty
Package: babel 2025/12/11 v25.17 The multilingual framework for LuaLaTeX, pdfLa
TeX and XeLaTeX
\babel@savecnt=\count379
LaTeX Encoding Info:    Redeclaring text command \ij (encoding OT1) on input li
ne 2068.
LaTeX Encoding Info:    Redeclaring text command \IJ (encoding OT1) on input li
ne 2070.
LaTeX Encoding Info:    Redeclaring text command \ij (encoding T1) on input lin
e 2072.
LaTeX Encoding Info:    Redeclaring text command \IJ (encoding T1) on input lin
e 2073.
LaTeX Encoding Info:    Ignoring declaration for text command \ij (encoding ?) 
on input line 2074.
LaTeX Encoding Info:    Ignoring declaration for text command \IJ (encoding ?) 
on input line 2076.
LaTeX Encoding Info:    Ignoring declaration for text command \SS (encoding ?) 
on input line 2101.
\U@D=\dimen304
\l@unhyphenated=\language79

(C:\Users\Stefan\AppData\Local\Programs\MiKTeX\tex/generic/babel\txtbabel.def)
\bbl@readstream=\read4
\bbl@dirlevel=\count380
Package babel Info: Configuration files are deprecated, as
(babel)             they can break document portability.
(babel)             Reported on input line 4196.

*************************************
* Local config file bblopts.cfg used
*
(C:\Users\Stefan\AppData\Local\Programs\MiKTeX\tex/latex/arabi\bblopts.cfg
File: bblopts.cfg 2005/09/08 v0.1 add Arabic and Farsi to "declared" options of
 babel
)
(C:\Users\Stefan\AppData\Local\Programs\MiKTeX\tex/generic/babel/locale/invalid
\babel-ngerman.tex)
Package babel Info: Importing font and identification data for ngerman
(babel)             from babel-de.ini. Reported on input line 4320.

(C:\Users\Stefan\AppData\Local\Programs\MiKTeX\tex/latex/babel-german\ngerman.l
df
Language: ngerman 

(C:\Users\Stefan\AppData\Local\Programs\MiKTeX\tex/latex/babel-german\babel-ger
man.def
Package babel Info: Making " an active character on input line 500.
)))
(C:\Users\Stefan\AppData\Local\Programs\MiKTeX\tex/latex/base\fontenc.sty
Package: fontenc 2025/07/18 v2.1d Standard LaTeX package
)
(C:\Users\Stefan\AppData\Local\Programs\MiKTeX\tex/latex/psnfss\helvet.sty
Package: helvet 2020/03/25 PSNFSS-v9.3 (WaS) 
)
(C:\Users\Stefan\AppData\Local\Programs\MiKTeX\tex/latex/psnfss\courier.sty
Package: courier 2020/03/25 PSNFSS-v9.3 (WaS) 
)
(C:\Users\Stefan\AppData\Local\Programs\MiKTeX\tex/latex/geometry\geometry.sty
Package: geometry 2026/03/07 v6.0 Page Geometry

(C:\Users\Stefan\AppData\Local\Programs\MiKTeX\tex/generic/iftex\ifvtex.sty
Package: ifvtex 2019/10/25 v1.7 ifvtex legacy package. Use iftex instead.
)
\Gm@cnth=\count381
\Gm@cntv=\count382
\c@Gm@tempcnt=\count383
\Gm@bindingoffset=\dimen305
\Gm@wd@mp=\dimen306
\Gm@odd@mp=\dimen307
\Gm@even@mp=\dimen308
\Gm@layoutwidth=\dimen309
\Gm@layoutheight=\dimen310
\Gm@layouthoffset=\dimen311
\Gm@layoutvoffset=\dimen312
\Gm@dimlist=\toks33

(C:\Users\Stefan\AppData\Local\Programs\MiKTeX\tex/latex/geometry\geometry.cfg)
)
(C:\Users\Stefan\AppData\Local\Programs\MiKTeX\tex/latex/changepage\changepage.
sty
Package: changepage 2009/10/20 v1.0c check page and change page layout
\c@cp@cntr=\count384
\cp@tempcnt=\count385
LaTeX Info: Redefining \checkoddpage on input line 59.
)
(C:\Users\Stefan\AppData\Local\Programs\MiKTeX\tex/latex/fancyhdr\fancyhdr.sty
Package: fancyhdr 2025/02/07 v5.2 Extensive control of page headers and footers

\f@nch@headwidth=\skip85
\f@nch@offset@elh=\skip86
\f@nch@offset@erh=\skip87
\f@nch@offset@olh=\skip88
\f@nch@offset@orh=\skip89
\f@nch@offset@elf=\skip90
\f@nch@offset@erf=\skip91
\f@nch@offset@olf=\skip92
\f@nch@offset@orf=\skip93
\f@nch@height=\skip94
\f@nch@footalignment=\skip95
\f@nch@widthL=\skip96
\f@nch@widthC=\skip97
\f@nch@widthR=\skip98
\@temptokenb=\toks34
) (C:\Users\Stefan\AppData\Local\Programs\MiKTeX\tex/latex/natbib\natbib.sty
Package: natbib 2010/09/13 8.31b (PWD, AO)
\bibhang=\skip99
\bibsep=\skip100
LaTeX Info: Redefining \cite on input line 694.
\c@NAT@ctr=\count386
)
(C:\Users\Stefan\AppData\Local\Programs\MiKTeX\tex/latex/tocloft\tocloft.sty
Package: tocloft 2017/08/31 v2.3i parameterised ToC, etc., typesetting
Package tocloft Info: The document has chapter divisions on input line 51.
\cftparskip=\skip101
\cftbeforetoctitleskip=\skip102
\cftaftertoctitleskip=\skip103
\cftbeforepartskip=\skip104
\cftpartnumwidth=\skip105
\cftpartindent=\skip106
\cftbeforechapskip=\skip107
\cftchapindent=\skip108
\cftchapnumwidth=\skip109
\cftbeforesecskip=\skip110
\cftsecindent=\skip111
\cftsecnumwidth=\skip112
\cftbeforesubsecskip=\skip113
\cftsubsecindent=\skip114
\cftsubsecnumwidth=\skip115
\cftbeforesubsubsecskip=\skip116
\cftsubsubsecindent=\skip117
\cftsubsubsecnumwidth=\skip118
\cftbeforeparaskip=\skip119
\cftparaindent=\skip120
\cftparanumwidth=\skip121
\cftbeforesubparaskip=\skip122
\cftsubparaindent=\skip123
\cftsubparanumwidth=\skip124
\cftbeforeloftitleskip=\skip125
\cftafterloftitleskip=\skip126
\cftbeforefigskip=\skip127
\cftfigindent=\skip128
\cftfignumwidth=\skip129
\c@lofdepth=\count387
\c@lotdepth=\count388
\cftbeforelottitleskip=\skip130
\cftafterlottitleskip=\skip131
\cftbeforetabskip=\skip132
\cfttabindent=\skip133
\cfttabnumwidth=\skip134
)
\@indexfile=\write4
\openout4 = `refman.idx'.


Writing index file refman.idx

(C:\Users\Stefan\AppData\Local\Programs\MiKTeX\tex/latex/newunicodechar\newunic
odechar.sty
Package: newunicodechar 2018/04/08 v1.2 Defining Unicode characters
)
(C:\Users\Stefan\AppData\Local\Programs\MiKTeX\tex/latex/hyperref\hyperref.sty
Package: hyperref 2025-07-12 v7.01o Hypertext links for LaTeX

(C:\Users\Stefan\AppData\Local\Programs\MiKTeX\tex/latex/kvsetkeys\kvsetkeys.st
y
Package: kvsetkeys 2022-10-05 v1.19 Key value parser (HO)
)
(C:\Users\Stefan\AppData\Local\Programs\MiKTeX\tex/generic/kvdefinekeys\kvdefin
ekeys.sty
Package: kvdefinekeys 2019-12-19 v1.6 Define keys (HO)
)
(C:\Users\Stefan\AppData\Local\Programs\MiKTeX\tex/generic/pdfescape\pdfescape.
sty
Package: pdfescape 2019/12/09 v1.15 Implements pdfTeX's escape features (HO)

(C:\Users\Stefan\AppData\Local\Programs\MiKTeX\tex/generic/ltxcmds\ltxcmds.sty
Package: ltxcmds 2023-12-04 v1.26 LaTeX kernel commands for general use (HO)
)
(C:\Users\Stefan\AppData\Local\Programs\MiKTeX\tex/generic/pdftexcmds\pdftexcmd
s.sty
Package: pdftexcmds 2020-06-27 v0.33 Utility functions of pdfTeX for LuaTeX (HO
)
Package pdftexcmds Info: \pdf@primitive is available.
Package pdftexcmds Info: \pdf@ifprimitive is available.
Package pdftexcmds Info: \pdfdraftmode found.
))
(C:\Users\Stefan\AppData\Local\Programs\MiKTeX\tex/latex/hycolor\hycolor.sty
Package: hycolor 2020-01-27 v1.10 Color options for hyperref/bookmark (HO)
)
(C:\Users\Stefan\AppData\Local\Programs\MiKTeX\tex/latex/hyperref\nameref.sty
Package: nameref 2025-06-21 v2.57 Cross-referencing by name of section

(C:\Users\Stefan\AppData\Local\Programs\MiKTeX\tex/latex/refcount\refcount.sty
Package: refcount 2019/12/15 v3.6 Data extraction from label references (HO)
)
(C:\Users\Stefan\AppData\Local\Programs\MiKTeX\tex/generic/gettitlestring\getti
tlestring.sty
Package: gettitlestring 2019/12/15 v1.6 Cleanup title references (HO)

(C:\Users\Stefan\AppData\Local\Programs\MiKTeX\tex/latex/kvoptions\kvoptions.st
y
Package: kvoptions 2022-06-15 v3.15 Key value format for package options (HO)
))
\c@section@level=\count389
)
(C:\Users\Stefan\AppData\Local\Programs\MiKTeX\tex/generic/stringenc\stringenc.
sty
Package: stringenc 2019/11/29 v1.12 Convert strings between diff. encodings (HO
)
)
\@linkdim=\dimen313
\Hy@linkcounter=\count390
\Hy@pagecounter=\count391

(C:\Users\Stefan\AppData\Local\Programs\MiKTeX\tex/latex/hyperref\pd1enc.def
File: pd1enc.def 2025-07-12 v7.01o Hyperref: PDFDocEncoding definition (HO)
Now handling font encoding PD1 ...
... no UTF-8 mapping file for font encoding PD1
)
\Hy@SavedSpaceFactor=\count392

(C:\Users\Stefan\AppData\Local\Programs\MiKTeX\tex/latex/hyperref\puenc.def
File: puenc.def 2025-07-12 v7.01o Hyperref: PDF Unicode definition (HO)
Now handling font encoding PU ...
... no UTF-8 mapping file for font encoding PU
)
Package hyperref Info: Hyper figures OFF on input line 4195.
Package hyperref Info: Link nesting OFF on input line 4200.
Package hyperref Info: Hyper index ON on input line 4203.
Package hyperref Info: Plain pages OFF on input line 4210.
Package hyperref Info: Backreferencing ON on input line 4213.
Package hyperref Info: Implicit mode ON; LaTeX internals redefined.
Package hyperref Info: Bookmarks ON on input line 4462.

(C:\Users\Stefan\AppData\Local\Programs\MiKTeX\tex/latex/hyperref\backref.sty
Package: backref 2025-06-21 v1.45 Bibliographical back referencing

(C:\Users\Stefan\AppData\Local\Programs\MiKTeX\tex/latex/rerunfilecheck\rerunfi
lecheck.sty
Package: rerunfilecheck 2025-06-21 v1.11 Rerun checks for auxiliary files (HO)

(C:\Users\Stefan\AppData\Local\Programs\MiKTeX\tex/generic/uniquecounter\unique
counter.sty
Package: uniquecounter 2019/12/15 v1.4 Provide unlimited unique counter (HO)

(C:\Users\Stefan\AppData\Local\Programs\MiKTeX\tex/generic/bigintcalc\bigintcal
c.sty
Package: bigintcalc 2019/12/15 v1.5 Expandable calculations on big integers (HO
)
))
Package uniquecounter Info: New unique counter `rerunfilecheck' on input line 2
84.
))
\c@Hy@tempcnt=\count393
 (C:\Users\Stefan\AppData\Local\Programs\MiKTeX\tex/latex/url\url.sty
\Urlmuskip=\muskip17
Package: url 2013/09/16  ver 3.4  Verb mode for urls, etc.
)
LaTeX Info: Redefining \url on input line 4801.
\XeTeXLinkMargin=\dimen314
(C:\Users\Stefan\AppData\Local\Programs\MiKTeX\tex/generic/bitset\bitset.sty
Package: bitset 2019/12/09 v1.3 Handle bit-vector datatype (HO)
)
\Fld@menulength=\count394
\Field@Width=\dimen315
\Fld@charsize=\dimen316
Package hyperref Info: Hyper figures OFF on input line 6078.
Package hyperref Info: Link nesting OFF on input line 6083.
Package hyperref Info: Hyper index ON on input line 6086.
Package hyperref Info: backreferencing ON on input line 6091.
Package hyperref Info: Link coloring OFF on input line 6098.
Package hyperref Info: Link coloring with OCG OFF on input line 6103.
Package hyperref Info: PDF/A mode OFF on input line 6108.
\Hy@abspage=\count395
\c@Item=\count396
\c@Hfootnote=\count397
)
Package hyperref Info: Driver: hpdftex.

(C:\Users\Stefan\AppData\Local\Programs\MiKTeX\tex/latex/hyperref\hpdftex.def
File: hpdftex.def 2025-07-12 v7.01o Hyperref driver for pdfTeX
\Fld@listcount=\count398
\c@bookmark@seq@number=\count399
\Hy@SectionHShift=\skip135
)
Package hyperref Info: Option `colorlinks' set `true' on input line 180.
Package hyperref Info: Option `unicode' set `true' on input line 180.

(C:\Users\Stefan\AppData\Local\Programs\MiKTeX\tex/latex/caption\caption.sty
Package: caption 2023/08/05 v3.6o Customizing captions (AR)

(C:\Users\Stefan\AppData\Local\Programs\MiKTeX\tex/latex/caption\caption3.sty
Package: caption3 2023/07/31 v2.4d caption3 kernel (AR)
\caption@tempdima=\dimen317
\captionmargin=\dimen318
\caption@leftmargin=\dimen319
\caption@rightmargin=\dimen320
\caption@width=\dimen321
\caption@indent=\dimen322
\caption@parindent=\dimen323
\caption@hangindent=\dimen324
Package caption Info: Standard document class detected.
)
\c@caption@flags=\count400
\c@continuedfloat=\count401
Package caption Info: changepage package is loaded.
\caption@adjustwidth@hsize=\dimen325
\caption@adjustwidth@linewidth=\dimen326
Package caption Info: float package is loaded.
Package caption Info: hyperref package is loaded.
Package caption Info: longtable package is loaded.

(C:\Users\Stefan\AppData\Local\Programs\MiKTeX\tex/latex/caption\ltcaption.sty
Package: ltcaption 2021/01/08 v1.4c longtable captions (AR)
)) (C:\Users\Stefan\AppData\Local\Programs\MiKTeX\tex/latex/etoc\etoc.sty
Package: etoc 2026/05/04 v1.2e Completely customisable TOCs (JFB)
\Etoc@toctoks=\toks35
\c@etoc@tocid=\count402
\etoc@framed@titlebox=\box151
\etoc@framed@contentsbox=\box152
)
LaTeX Font Info:    Trying to load font information for T1+phv on input line 20
2.

(C:\Users\Stefan\AppData\Local\Programs\MiKTeX\tex/latex/psnfss\t1phv.fd
File: t1phv.fd 2020/03/25 scalable font definitions for T1/phv.
)
LaTeX Font Info:    Font shape `T1/phv/m/n' will be
(Font)              scaled to size 8.99994pt on input line 202.

(refman.aux
Package babel Info: 'ngerman' activates 'german' shorthands.
(babel)             Reported on input line 10.
)
\openout1 = `refman.aux'.

LaTeX Font Info:    Checking defaults for OML/cmm/m/it on input line 202.
LaTeX Font Info:    ... okay on input line 202.
LaTeX Font Info:    Checking defaults for OMS/cmsy/m/n on input line 202.
LaTeX Font Info:    ... okay on input line 202.
LaTeX Font Info:    Checking defaults for OT1/cmr/m/n on input line 202.
LaTeX Font Info:    ... okay on input line 202.
LaTeX Font Info:    Checking defaults for T1/cmr/m/n on input line 202.
LaTeX Font Info:    ... okay on input line 202.
LaTeX Font Info:    Checking defaults for TS1/cmr/m/n on input line 202.
LaTeX Font Info:    ... okay on input line 202.
LaTeX Font Info:    Checking defaults for OMX/cmex/m/n on input line 202.
LaTeX Font Info:    ... okay on input line 202.
LaTeX Font Info:    Checking defaults for U/cmr/m/n on input line 202.
LaTeX Font Info:    ... okay on input line 202.
LaTeX Font Info:    Checking defaults for PD1/pdf/m/n on input line 202.
LaTeX Font Info:    ... okay on input line 202.
LaTeX Font Info:    Checking defaults for PU/pdf/m/n on input line 202.
LaTeX Font Info:    ... okay on input line 202.

(C:\Users\Stefan\AppData\Local\Programs\MiKTeX\tex/context/base/mkii\supp-pdf.m
kii
[Loading MPS to PDF converter (version 2006.09.02).]
\scratchcounter=\count403
\scratchdimen=\dimen327
\scratchbox=\box153
\nofMPsegments=\count404
\nofMParguments=\count405
\everyMPshowfont=\toks36
\MPscratchCnt=\count406
\MPscratchDim=\dimen328
\MPnumerator=\count407
\makeMPintoPDFobject=\count408
\everyMPtoPDFconversion=\toks37
)
(C:\Users\Stefan\AppData\Local\Programs\MiKTeX\tex/latex/epstopdf-pkg\epstopdf-
base.sty
Package: epstopdf-base 2020-01-24 v2.11 Base part for package epstopdf
Package epstopdf-base Info: Redefining graphics rule for `.eps' on input line 4
85.

(C:\Users\Stefan\AppData\Local\Programs\MiKTeX\tex/latex/00miktex\epstopdf-sys.
cfg
File: epstopdf-sys.cfg 2021/03/18 v2.0 Configuration of epstopdf for MiKTeX
))
*geometry* driver: auto-detecting
*geometry* detected driver: pdftex
*geometry* verbose mode - [ preamble ] result:
* driver: pdftex
* paper: a4paper
* layout: <same size as paper>
* layoutoffset:(h,v)=(0.0pt,0.0pt)
* modes: twoside 
* h-part:(L,W,R)=(71.13188pt, 455.24411pt, 71.13188pt)
* v-part:(T,H,B)=(71.13188pt, 702.78308pt, 71.13188pt)
* \paperwidth=597.50787pt
* \paperheight=845.04684pt
* \textwidth=455.24411pt
* \textheight=702.78308pt
* \oddsidemargin=-1.1381pt
* \evensidemargin=-1.1381pt
* \topmargin=-31.2056pt
* \headheight=12.0pt
* \headsep=18.06749pt
* \topskip=10.0pt
* \footskip=25.29494pt
* \marginparwidth=125.0pt
* \marginparsep=7.0pt
* \columnsep=10.0pt
* \skip\footins=9.0pt plus 4.0pt minus 2.0pt
* \hoffset=0.0pt
* \voffset=0.0pt
* \mag=1000
* \@twocolumnfalse
* \@twosidetrue
* \@mparswitchtrue
* \@reversemarginfalse
* (1in=72.27pt=25.4mm, 1cm=28.453pt)

Package backref Info: ** backref set up for natbib ** on input line 202.
Package hyperref Info: Link coloring ON on input line 202.
(refman.out) (refman.out)
\@outlinefile=\write5
\openout5 = `refman.out'.

Package caption Info: Begin \AtBeginDocument code.
Package caption Info: End \AtBeginDocument code.
\Etoc@tf=\read5
Package hyperref Info: Option `pageanchor' set `false' on input line 210.
Package hyperref Info: Option `bookmarksnumbered' set `true' on input line 210.

Package hyperref Info: Option `unicode' set `true' on input line 210.
LaTeX Font Info:    Font shape `T1/phv/m/n' will be
(Font)              scaled to size 12.9599pt on input line 215.
LaTeX Font Info:    Font shape `T1/phv/m/n' will be
(Font)              scaled to size 10.79993pt on input line 216.
LaTeX Font Info:    Font shape `T1/phv/m/n' will be
(Font)              scaled to size 6.29996pt on input line 216.
LaTeX Font Info:    Trying to load font information for U+msa on input line 216
.

(C:\Users\Stefan\AppData\Local\Programs\MiKTeX\tex/latex/amsfonts\umsa.fd
File: umsa.fd 2013/01/14 v3.01 AMS symbols A
)
LaTeX Font Info:    Trying to load font information for U+msb on input line 216
.

(C:\Users\Stefan\AppData\Local\Programs\MiKTeX\tex/latex/amsfonts\umsb.fd
File: umsb.fd 2013/01/14 v3.01 AMS symbols B
)
LaTeX Font Info:    Trying to load font information for U+wasy on input line 21
6.

(C:\Users\Stefan\AppData\Local\Programs\MiKTeX\tex/latex/wasysym\uwasy.fd
File: uwasy.fd 2020/01/19 v2.4 Wasy-2 symbol font definitions
)
LaTeX Font Info:    Font shape `T1/phv/m/n' will be
(Font)              scaled to size 8.09995pt on input line 220.

[1


{C:/Users/Stefan/AppData/Local/MiKTeX/fonts/map/pdftex/pdftex.map}{C:/Users/Ste
fan/AppData/Local/Programs/MiKTeX/fonts/enc/dvips/base/8r.enc}] [2

]
\tf@toc=\write6
\openout6 = `refman.toc'.

LaTeX Font Info:    Font shape `T1/phv/b/n' will be
(Font)              scaled to size 8.99994pt on input line 226.
LaTeX Font Info:    Font shape `T1/phv/b/n' will be
(Font)              scaled to size 6.29996pt on input line 226.
 [1]
[2] [3] [4] [5] [6] [7] [8]
Package hyperref Info: Option `pageanchor' set `true' on input line 229.
 (index.tex
Kapitel 1.
LaTeX Font Info:    Font shape `T1/phv/m/n' will be
(Font)              scaled to size 18.66588pt on input line 1.
LaTeX Font Info:    Font shape `T1/phv/b/n' will be
(Font)              scaled to size 18.66588pt on input line 1.
LaTeX Font Info:    Font shape `T1/phv/b/n' will be
(Font)              scaled to size 22.39185pt on input line 1.
LaTeX Font Info:    Font shape `T1/phv/bc/n' will be
(Font)              scaled to size 8.99994pt on input line 10.

Underfull \hbox (badness 10000) detected at line 10
[][][]
 []


Underfull \hbox (badness 10000) detected at line 13
[][][]
 []

) (dd/da0/todo.tex [1


]
Package babel Info: 'ngerman' activates 'german' shorthands.
(babel)             Reported on input line 1.
 [2

]
Kapitel 2.

Underfull \hbox (badness 10000) in paragraph at lines 5--9

 []

) [3] [4

]
Kapitel 3.
(topics.tex
LaTeX Font Info:    Font shape `T1/phv/b/n' will be
(Font)              scaled to size 12.9599pt on input line 1.
 [5]) [6]
Kapitel 4.
(dirs.tex [7

] [8] [9]) [10]
Kapitel 5.
(annotated.tex) [11

] [12

]
Kapitel 6.
(files.tex [13]) [14]
Kapitel 7.
(dd/d8d/group__adc10__a__api.tex) (d1/def/group__adc12__a__api.tex)
(d6/da7/group__aes__api.tex) (d7/db0/group__battbak__api.tex)
(db/d44/group__comp__b__api.tex) (dd/d77/group__crc__api.tex)
(da/dff/group__ctsd16__api.tex) (d2/db7/group__dac12__a__api.tex)
(d4/d5c/group__dma__api.tex) (d7/d41/group__eusci__a__spi__api.tex)
(d0/d82/group__eusci__a__uart__api.tex) (d3/d6e/group__eusci__b__i2c__api.tex)
(d0/d82/group__eusci__b__spi__api.tex) (d1/d38/group__flashctl__api.tex)
(de/df1/group__gpio__api.tex) (d5/d67/group__lcd__b__api.tex)
(d8/d53/group__lcd__c__api.tex) (dd/d7e/group__ldopwr__api.tex)
(d1/da2/group__mpy32__api.tex) (d4/d2f/group__oa__api.tex)
(d6/db7/group__pmap__api.tex) (d6/d02/group__pmm__api.tex)
(dd/d4c/group__ram__api.tex) (db/d58/group__ref__api.tex)
(d6/dd1/group__rtc__a__api.tex) (d7/d0e/group__rtc__b__api.tex)
(d3/d6f/group__rtc__c__api.tex) (d9/d99/group__sd24__b__api.tex)
(d8/dae/group__sfr__api.tex) (d6/dae/group__sysctl__api.tex)
(d4/dbc/group__tec__api.tex) (d1/d9e/group__timer__a__api.tex)
(da/de1/group__timer__b__api.tex) (d7/de4/group__timer__d__api.tex)
(d0/d1d/group__tlv__api.tex) (dd/d9c/group__ucs__api.tex)
(da/d4c/group__usci__a__spi__api.tex) (d1/db0/group__usci__a__uart__api.tex)
(d8/de9/group__usci__b__i2c__api.tex) (db/d84/group__usci__b__spi__api.tex)
(d7/d7a/group__wdt__a__api.tex) (d4/d1d/group__compiling__group.tex
LaTeX Font Info:    Trying to load font information for TS1+phv on input line 5
.

(C:\Users\Stefan\AppData\Local\Programs\MiKTeX\tex/latex/psnfss\ts1phv.fd
File: ts1phv.fd 2020/03/25 scalable font definitions for TS1/phv.
)
LaTeX Font Info:    Font shape `TS1/phv/m/n' will be
(Font)              scaled to size 8.99994pt on input line 5.

[15

]
Overfull \vbox (888.6105pt too high) has occurred while \output is active []


[16]
LaTeX Font Info:    Font shape `T1/phv/b/n' will be
(Font)              scaled to size 10.79993pt on input line 6.

Underfull \hbox (badness 10000) detected at line 12
[][][]
 []

) (d1/ddc/group___c_o_p_y_r_i_g_h_t___g_r_o_u_p.tex
Underfull \hbox (badness 10000) detected at line 3
[][][]
 []

) [17] [18

]
Kapitel 8.
(dir_ccfc45fba3c59d28434cf038780bfc66.tex <./dir_ccfc45fba3c59d28434cf038780bfc
66_dep.pdf>
<dir_ccfc45fba3c59d28434cf038780bfc66_dep.pdf, id=2338, 271.0125pt x 134.5025pt
>
File: dir_ccfc45fba3c59d28434cf038780bfc66_dep.pdf Graphic file (type pdf)
<use dir_ccfc45fba3c59d28434cf038780bfc66_dep.pdf>
Package pdftex.def Info: dir_ccfc45fba3c59d28434cf038780bfc66_dep.pdf  used on 
input line 7.
(pdftex.def)             Requested size: 270.0pt x 134.00548pt.
) (dir_77e918e124d6b1ba1f57e06a185c8681.tex <./dir_77e918e124d6b1ba1f57e06a185c
8681_dep.pdf>
<dir_77e918e124d6b1ba1f57e06a185c8681_dep.pdf, id=2348, 186.6975pt x 152.57pt>
File: dir_77e918e124d6b1ba1f57e06a185c8681_dep.pdf Graphic file (type pdf)
<use dir_77e918e124d6b1ba1f57e06a185c8681_dep.pdf>
Package pdftex.def Info: dir_77e918e124d6b1ba1f57e06a185c8681_dep.pdf  used on 
input line 7.
(pdftex.def)             Requested size: 186.0pt x 152.00624pt.
 [19]) (dir_ae90f2e03de7fd76819ea2e684d1622b.tex <./dir_ae90f2e03de7fd76819ea2e
684d1622b_dep.pdf>
<dir_ae90f2e03de7fd76819ea2e684d1622b_dep.pdf, id=2371, 218.8175pt x 226.8475pt
>
File: dir_ae90f2e03de7fd76819ea2e684d1622b_dep.pdf Graphic file (type pdf)
<use dir_ae90f2e03de7fd76819ea2e684d1622b_dep.pdf>
Package pdftex.def Info: dir_ae90f2e03de7fd76819ea2e684d1622b_dep.pdf  used on 
input line 7.
(pdftex.def)             Requested size: 218.0pt x 226.00235pt.
 [20] [21]) [22]
Kapitel 9.
(dc/dc2/struct_button__t.tex <./d1/d7e/struct_button__t__coll__graph.pdf>
<d1/d7e/struct_button__t__coll__graph.pdf, id=2565, 214.8025pt x 171.64125pt>
File: d1/d7e/struct_button__t__coll__graph.pdf Graphic file (type pdf)
<use d1/d7e/struct_button__t__coll__graph.pdf>
Package pdftex.def Info: d1/d7e/struct_button__t__coll__graph.pdf  used on inpu
t line 9.
(pdftex.def)             Requested size: 214.0pt x 171.00175pt.
LaTeX Font Info:    Font shape `T1/phv/m/n' will be
(Font)              scaled to size 7.19995pt on input line 38.
LaTeX Font Info:    Trying to load font information for T1+pcr on input line 38
.

(C:\Users\Stefan\AppData\Local\Programs\MiKTeX\tex/latex/psnfss\t1pcr.fd
File: t1pcr.fd 2001/06/04 font definitions for T1/pcr.
)
[23

]) (d3/d2f/struct_led__t.tex <./d1/da7/struct_led__t__coll__graph.pdf>
<d1/da7/struct_led__t__coll__graph.pdf, id=2624, 195.73125pt x 157.58875pt>
File: d1/da7/struct_led__t__coll__graph.pdf Graphic file (type pdf)
<use d1/da7/struct_led__t__coll__graph.pdf>
Package pdftex.def Info: d1/da7/struct_led__t__coll__graph.pdf  used on input l
ine 9.
(pdftex.def)             Requested size: 195.0pt x 157.00883pt.

[24]) [25] [26

]
Kapitel 10.
(d3/d9a/_b_c_uart_8c.tex <./db/d50/_b_c_uart_8c__incl.pdf>
<db/d50/_b_c_uart_8c__incl.pdf, id=2687, 208.78pt x 208.78pt>
File: db/d50/_b_c_uart_8c__incl.pdf Graphic file (type pdf)
<use db/d50/_b_c_uart_8c__incl.pdf>
Package pdftex.def Info: db/d50/_b_c_uart_8c__incl.pdf  used on input line 9.
(pdftex.def)             Requested size: 208.0pt x 208.0117pt.
LaTeX Font Info:    Font shape `T1/pcr/m/it' in size <8> not available
(Font)              Font shape `T1/pcr/m/sl' tried instead on input line 41.
 [27] <./d3/d9a/_b_c_uart_8c_a735d170f53369022348d8ba9bd6e387e_icgraph.pdf>
<d3/d9a/_b_c_uart_8c_a735d170f53369022348d8ba9bd6e387e_icgraph.pdf, id=2734, 21
0.7875pt x 99.37125pt>
File: d3/d9a/_b_c_uart_8c_a735d170f53369022348d8ba9bd6e387e_icgraph.pdf Graphic
 file (type pdf)
<use d3/d9a/_b_c_uart_8c_a735d170f53369022348d8ba9bd6e387e_icgraph.pdf>
Package pdftex.def Info: d3/d9a/_b_c_uart_8c_a735d170f53369022348d8ba9bd6e387e_
icgraph.pdf  used on input line 51.
(pdftex.def)             Requested size: 210.0pt x 99.00253pt.
 <./d3/d9a/_b_c_uart_8c_a9b399aee0e8c3f2fd6c0de505201b8d2_icgraph.pdf>
<d3/d9a/_b_c_uart_8c_a9b399aee0e8c3f2fd6c0de505201b8d2_icgraph.pdf, id=2754, 51
1.9125pt x 136.51pt>
File: d3/d9a/_b_c_uart_8c_a9b399aee0e8c3f2fd6c0de505201b8d2_icgraph.pdf Graphic
 file (type pdf)
<use d3/d9a/_b_c_uart_8c_a9b399aee0e8c3f2fd6c0de505201b8d2_icgraph.pdf>
Package pdftex.def Info: d3/d9a/_b_c_uart_8c_a9b399aee0e8c3f2fd6c0de505201b8d2_
icgraph.pdf  used on input line 88.
(pdftex.def)             Requested size: 350.0pt x 93.3338pt.
 [28])
(d3/d9a/_b_c_uart_8c_source.tex [29]) (db/d6c/_b_c_uart_8h.tex <./d3/d8a/_b_c_u
art_8h__incl.pdf>
<d3/d8a/_b_c_uart_8h__incl.pdf, id=2898, 134.5025pt x 153.57375pt>
File: d3/d8a/_b_c_uart_8h__incl.pdf Graphic file (type pdf)
<use d3/d8a/_b_c_uart_8h__incl.pdf>
Package pdftex.def Info: d3/d8a/_b_c_uart_8h__incl.pdf  used on input line 8.
(pdftex.def)             Requested size: 134.0pt x 153.00159pt.
 [30] <./d8/d1e/_b_c_uart_8h__dep__incl.pdf>
<d8/d1e/_b_c_uart_8h__dep__incl.pdf, id=2996, 194.7275pt x 153.57375pt>
File: d8/d1e/_b_c_uart_8h__dep__incl.pdf Graphic file (type pdf)
<use d8/d1e/_b_c_uart_8h__dep__incl.pdf>
Package pdftex.def Info: d8/d1e/_b_c_uart_8h__dep__incl.pdf  used on input line
 15.
(pdftex.def)             Requested size: 194.0pt x 153.00627pt.
 [31] <./db/d6c/_b_c_uart_8h_a735d170f53369022348d8ba9bd6e387e_icgraph.pdf>
<db/d6c/_b_c_uart_8h_a735d170f53369022348d8ba9bd6e387e_icgraph.pdf, id=3071, 21
0.7875pt x 99.37125pt>
File: db/d6c/_b_c_uart_8h_a735d170f53369022348d8ba9bd6e387e_icgraph.pdf Graphic
 file (type pdf)
<use db/d6c/_b_c_uart_8h_a735d170f53369022348d8ba9bd6e387e_icgraph.pdf>
Package pdftex.def Info: db/d6c/_b_c_uart_8h_a735d170f53369022348d8ba9bd6e387e_
icgraph.pdf  used on input line 138.
(pdftex.def)             Requested size: 210.0pt x 99.00253pt.
 [32] <./db/d6c/_b_c_uart_8h_a9b399aee0e8c3f2fd6c0de505201b8d2_icgraph.pdf>
<db/d6c/_b_c_uart_8h_a9b399aee0e8c3f2fd6c0de505201b8d2_icgraph.pdf, id=3100, 51
1.9125pt x 136.51pt>
File: db/d6c/_b_c_uart_8h_a9b399aee0e8c3f2fd6c0de505201b8d2_icgraph.pdf Graphic
 file (type pdf)
<use db/d6c/_b_c_uart_8h_a9b399aee0e8c3f2fd6c0de505201b8d2_icgraph.pdf>
Package pdftex.def Info: db/d6c/_b_c_uart_8h_a9b399aee0e8c3f2fd6c0de505201b8d2_
icgraph.pdf  used on input line 165.
(pdftex.def)             Requested size: 350.0pt x 93.3338pt.
)
(db/d6c/_b_c_uart_8h_source.tex [33] [34]) (dc/d82/adc10__a_8c.tex <./d5/d9e/ad
c10__a_8c__incl.pdf>
<d5/d9e/adc10__a_8c__incl.pdf, id=3219, 413.545pt x 218.8175pt>
File: d5/d9e/adc10__a_8c__incl.pdf Graphic file (type pdf)
<use d5/d9e/adc10__a_8c__incl.pdf>
Package pdftex.def Info: d5/d9e/adc10__a_8c__incl.pdf  used on input line 8.
(pdftex.def)             Requested size: 350.0pt x 185.19775pt.
) (dc/d82/adc10__a_8c_source.tex [35] [36] [37])
(de/d52/adc10__a_8h.tex <./d3/deb/adc10__a_8h__incl.pdf>
<d3/deb/adc10__a_8h__incl.pdf, id=3538, 413.545pt x 218.8175pt>
File: d3/deb/adc10__a_8h__incl.pdf Graphic file (type pdf)
<use d3/deb/adc10__a_8h__incl.pdf>
Package pdftex.def Info: d3/deb/adc10__a_8h__incl.pdf  used on input line 8.
(pdftex.def)             Requested size: 350.0pt x 185.19775pt.
 <./d7/d7d/adc10__a_8h__dep__incl.pdf>
<d7/d7d/adc10__a_8h__dep__incl.pdf, id=3546, 186.6975pt x 229.85875pt>
File: d7/d7d/adc10__a_8h__dep__incl.pdf Graphic file (type pdf)
<use d7/d7d/adc10__a_8h__dep__incl.pdf>
Package pdftex.def Info: d7/d7d/adc10__a_8h__dep__incl.pdf  used on input line 
15.
(pdftex.def)             Requested size: 186.0pt x 229.00938pt.
) (de/d52/adc10__a_8h_source.tex [38] [39] [40] [41] [42])
(de/d9f/adc12__a_8c.tex <./d6/d45/adc12__a_8c__incl.pdf>
<d6/d45/adc12__a_8c__incl.pdf, id=3943, 413.545pt x 218.8175pt>
File: d6/d45/adc12__a_8c__incl.pdf Graphic file (type pdf)
<use d6/d45/adc12__a_8c__incl.pdf>
Package pdftex.def Info: d6/d45/adc12__a_8c__incl.pdf  used on input line 8.
(pdftex.def)             Requested size: 350.0pt x 185.19775pt.
)
(de/d9f/adc12__a_8c_source.tex [43] [44] [45] [46]) (dd/d60/adc12__a_8h.tex <./
d4/da5/adc12__a_8h__incl.pdf>
<d4/da5/adc12__a_8h__incl.pdf, id=4350, 413.545pt x 218.8175pt>
File: d4/da5/adc12__a_8h__incl.pdf Graphic file (type pdf)
<use d4/da5/adc12__a_8h__incl.pdf>
Package pdftex.def Info: d4/da5/adc12__a_8h__incl.pdf  used on input line 8.
(pdftex.def)             Requested size: 350.0pt x 185.19775pt.
 <./da/d30/adc12__a_8h__dep__incl.pdf>
<da/d30/adc12__a_8h__dep__incl.pdf, id=4358, 186.6975pt x 229.85875pt>
File: da/d30/adc12__a_8h__dep__incl.pdf Graphic file (type pdf)
<use da/d30/adc12__a_8h__dep__incl.pdf>
Package pdftex.def Info: da/d30/adc12__a_8h__dep__incl.pdf  used on input line 
15.
(pdftex.def)             Requested size: 186.0pt x 229.00938pt.
)
(dd/d60/adc12__a_8h_source.tex [47] [48] [49] [50] [51] [52])
(dd/d34/aes_8c.tex <./d4/dc1/aes_8c__incl.pdf>
<d4/dc1/aes_8c__incl.pdf, id=4813, 413.545pt x 218.8175pt>
File: d4/dc1/aes_8c__incl.pdf Graphic file (type pdf)
<use d4/dc1/aes_8c__incl.pdf>
Package pdftex.def Info: d4/dc1/aes_8c__incl.pdf  used on input line 8.
(pdftex.def)             Requested size: 350.0pt x 185.19775pt.
) (dd/d34/aes_8c_source.tex
[53] [54] [55] [56] [57]) (db/dcb/aes_8h.tex <./dd/d58/aes_8h__incl.pdf>
<dd/d58/aes_8h__incl.pdf, id=5347, 413.545pt x 218.8175pt>
File: dd/d58/aes_8h__incl.pdf Graphic file (type pdf)
<use dd/d58/aes_8h__incl.pdf>
Package pdftex.def Info: dd/d58/aes_8h__incl.pdf  used on input line 8.
(pdftex.def)             Requested size: 350.0pt x 185.19775pt.
 <./d5/da0/aes_8h__dep__incl.pdf>
<d5/da0/aes_8h__dep__incl.pdf, id=5355, 186.6975pt x 229.85875pt>
File: d5/da0/aes_8h__dep__incl.pdf Graphic file (type pdf)
<use d5/da0/aes_8h__dep__incl.pdf>
Package pdftex.def Info: d5/da0/aes_8h__dep__incl.pdf  used on input line 15.
(pdftex.def)             Requested size: 186.0pt x 229.00938pt.
) (db/dcb/aes_8h_source.tex [58] [59] [60])
(d6/d7f/battbak_8c.tex <./d6/d4e/battbak_8c__incl.pdf>
<d6/d4e/battbak_8c__incl.pdf, id=5551, 413.545pt x 218.8175pt>
File: d6/d4e/battbak_8c__incl.pdf Graphic file (type pdf)
<use d6/d4e/battbak_8c__incl.pdf>
Package pdftex.def Info: d6/d4e/battbak_8c__incl.pdf  used on input line 8.
(pdftex.def)             Requested size: 350.0pt x 185.19775pt.
)
(d6/d7f/battbak_8c_source.tex [61]) (d0/d49/battbak_8h.tex <./d8/da7/battbak_8h
__incl.pdf>
<d8/da7/battbak_8h__incl.pdf, id=5641, 413.545pt x 218.8175pt>
File: d8/da7/battbak_8h__incl.pdf Graphic file (type pdf)
<use d8/da7/battbak_8h__incl.pdf>
Package pdftex.def Info: d8/da7/battbak_8h__incl.pdf  used on input line 8.
(pdftex.def)             Requested size: 350.0pt x 185.19775pt.
 [62] <./d3/d41/battbak_8h__dep__incl.pdf>
<d3/d41/battbak_8h__dep__incl.pdf, id=5729, 186.6975pt x 229.85875pt>
File: d3/d41/battbak_8h__dep__incl.pdf Graphic file (type pdf)
<use d3/d41/battbak_8h__dep__incl.pdf>
Package pdftex.def Info: d3/d41/battbak_8h__dep__incl.pdf  used on input line 1
5.
(pdftex.def)             Requested size: 186.0pt x 229.00938pt.
)
(d0/d49/battbak_8h_source.tex [63] [64]) (d7/da3/comp__b_8c.tex <./d3/d68/comp_
_b_8c__incl.pdf>
<d3/d68/comp__b_8c__incl.pdf, id=5848, 413.545pt x 218.8175pt>
File: d3/d68/comp__b_8c__incl.pdf Graphic file (type pdf)
<use d3/d68/comp__b_8c__incl.pdf>
Package pdftex.def Info: d3/d68/comp__b_8c__incl.pdf  used on input line 8.
(pdftex.def)             Requested size: 350.0pt x 185.19775pt.
) (d7/da3/comp__b_8c_source.tex [65] [66] [67])
(d7/d3a/comp__b_8h.tex <./d3/dcc/comp__b_8h__incl.pdf>
<d3/dcc/comp__b_8h__incl.pdf, id=6165, 413.545pt x 218.8175pt>
File: d3/dcc/comp__b_8h__incl.pdf Graphic file (type pdf)
<use d3/dcc/comp__b_8h__incl.pdf>
Package pdftex.def Info: d3/dcc/comp__b_8h__incl.pdf  used on input line 8.
(pdftex.def)             Requested size: 350.0pt x 185.19775pt.
 <./dd/d8c/comp__b_8h__dep__incl.pdf>
<dd/d8c/comp__b_8h__dep__incl.pdf, id=6173, 186.6975pt x 229.85875pt>
File: dd/d8c/comp__b_8h__dep__incl.pdf Graphic file (type pdf)
<use dd/d8c/comp__b_8h__dep__incl.pdf>
Package pdftex.def Info: dd/d8c/comp__b_8h__dep__incl.pdf  used on input line 1
5.
(pdftex.def)             Requested size: 186.0pt x 229.00938pt.
) (d7/d3a/comp__b_8h_source.tex [68] [69] [70] [71] [72])
(d8/d13/crc_8c.tex <./d2/d03/crc_8c__incl.pdf>
<d2/d03/crc_8c__incl.pdf, id=6555, 413.545pt x 218.8175pt>
File: d2/d03/crc_8c__incl.pdf Graphic file (type pdf)
<use d2/d03/crc_8c__incl.pdf>
Package pdftex.def Info: d2/d03/crc_8c__incl.pdf  used on input line 8.
(pdftex.def)             Requested size: 350.0pt x 185.19775pt.
) (d8/d13/crc_8c_source.tex
[73]) (dc/de6/crc_8h.tex <./dc/de8/crc_8h__incl.pdf>
<dc/de8/crc_8h__incl.pdf, id=6631, 413.545pt x 218.8175pt>
File: dc/de8/crc_8h__incl.pdf Graphic file (type pdf)
<use dc/de8/crc_8h__incl.pdf>
Package pdftex.def Info: dc/de8/crc_8h__incl.pdf  used on input line 8.
(pdftex.def)             Requested size: 350.0pt x 185.19775pt.
 <./db/d5d/crc_8h__dep__incl.pdf>
<db/d5d/crc_8h__dep__incl.pdf, id=6639, 186.6975pt x 229.85875pt>
File: db/d5d/crc_8h__dep__incl.pdf Graphic file (type pdf)
<use db/d5d/crc_8h__dep__incl.pdf>
Package pdftex.def Info: db/d5d/crc_8h__dep__incl.pdf  used on input line 15.
(pdftex.def)             Requested size: 186.0pt x 229.00938pt.
) (dc/de6/crc_8h_source.tex [74] [75]) (db/d43/ctsd16_8c.tex <./d5/d8a/ctsd16_8
c__incl.pdf>
<d5/d8a/ctsd16_8c__incl.pdf, id=6749, 413.545pt x 218.8175pt>
File: d5/d8a/ctsd16_8c__incl.pdf Graphic file (type pdf)
<use d5/d8a/ctsd16_8c__incl.pdf>
Package pdftex.def Info: d5/d8a/ctsd16_8c__incl.pdf  used on input line 8.
(pdftex.def)             Requested size: 350.0pt x 185.19775pt.
) (db/d43/ctsd16_8c_source.tex [76] [77] [78] [79])
(d1/d3c/ctsd16_8h.tex <./d8/d1c/ctsd16_8h__incl.pdf>
<d8/d1c/ctsd16_8h__incl.pdf, id=7163, 413.545pt x 218.8175pt>
File: d8/d1c/ctsd16_8h__incl.pdf Graphic file (type pdf)
<use d8/d1c/ctsd16_8h__incl.pdf>
Package pdftex.def Info: d8/d1c/ctsd16_8h__incl.pdf  used on input line 8.
(pdftex.def)             Requested size: 350.0pt x 185.19775pt.
 <./da/da9/ctsd16_8h__dep__incl.pdf>
<da/da9/ctsd16_8h__dep__incl.pdf, id=7171, 186.6975pt x 229.85875pt>
File: da/da9/ctsd16_8h__dep__incl.pdf Graphic file (type pdf)
<use da/da9/ctsd16_8h__dep__incl.pdf>
Package pdftex.def Info: da/da9/ctsd16_8h__dep__incl.pdf  used on input line 15
.
(pdftex.def)             Requested size: 186.0pt x 229.00938pt.
) (d1/d3c/ctsd16_8h_source.tex [80] [81] [82] [83] [84])
(d3/d74/dac12__a_8c.tex <./d9/d8d/dac12__a_8c__incl.pdf>
<d9/d8d/dac12__a_8c__incl.pdf, id=7538, 413.545pt x 218.8175pt>
File: d9/d8d/dac12__a_8c__incl.pdf Graphic file (type pdf)
<use d9/d8d/dac12__a_8c__incl.pdf>
Package pdftex.def Info: d9/d8d/dac12__a_8c__incl.pdf  used on input line 8.
(pdftex.def)             Requested size: 350.0pt x 185.19775pt.
)
(d3/d74/dac12__a_8c_source.tex [85] [86] [87]) (d8/da1/dac12__a_8h.tex <./d0/d0
1/dac12__a_8h__incl.pdf>
<d0/d01/dac12__a_8h__incl.pdf, id=7821, 413.545pt x 218.8175pt>
File: d0/d01/dac12__a_8h__incl.pdf Graphic file (type pdf)
<use d0/d01/dac12__a_8h__incl.pdf>
Package pdftex.def Info: d0/d01/dac12__a_8h__incl.pdf  used on input line 8.
(pdftex.def)             Requested size: 350.0pt x 185.19775pt.
 [88] <./da/d83/dac12__a_8h__dep__incl.pdf>
<da/d83/dac12__a_8h__dep__incl.pdf, id=7910, 186.6975pt x 229.85875pt>
File: da/d83/dac12__a_8h__dep__incl.pdf Graphic file (type pdf)
<use da/d83/dac12__a_8h__dep__incl.pdf>
Package pdftex.def Info: da/d83/dac12__a_8h__dep__incl.pdf  used on input line 
15.
(pdftex.def)             Requested size: 186.0pt x 229.00938pt.
)
(d8/da1/dac12__a_8h_source.tex [89] [90] [91] [92]) (d8/d51/dma_8c.tex <./d8/d6
b/dma_8c__incl.pdf>
<d8/d6b/dma_8c__incl.pdf, id=8212, 413.545pt x 218.8175pt>
File: d8/d6b/dma_8c__incl.pdf Graphic file (type pdf)
<use d8/d6b/dma_8c__incl.pdf>
Package pdftex.def Info: d8/d6b/dma_8c__incl.pdf  used on input line 8.
(pdftex.def)             Requested size: 350.0pt x 185.19775pt.
) (d8/d51/dma_8c_source.tex [93] [94]) (d9/d95/dma_8h.tex <./df/d36/dma_8h__inc
l.pdf>
<df/d36/dma_8h__incl.pdf, id=8418, 413.545pt x 218.8175pt>
File: df/d36/dma_8h__incl.pdf Graphic file (type pdf)
<use df/d36/dma_8h__incl.pdf>
Package pdftex.def Info: df/d36/dma_8h__incl.pdf  used on input line 8.
(pdftex.def)             Requested size: 350.0pt x 185.19775pt.
 [95] <./d9/db7/dma_8h__dep__incl.pdf>
<d9/db7/dma_8h__dep__incl.pdf, id=8494, 186.6975pt x 229.85875pt>
File: d9/db7/dma_8h__dep__incl.pdf Graphic file (type pdf)
<use d9/db7/dma_8h__dep__incl.pdf>
Package pdftex.def Info: d9/db7/dma_8h__dep__incl.pdf  used on input line 15.
(pdftex.def)             Requested size: 186.0pt x 229.00938pt.
)
(d9/d95/dma_8h_source.tex [96] [97] [98] [99]) (d4/d3e/driverlib_8h.tex <./d8/d
ed/driverlib_8h__incl.pdf>
<d8/ded/driverlib_8h__incl.pdf, id=8797, 2915.89375pt x 274.02374pt>
File: d8/ded/driverlib_8h__incl.pdf Graphic file (type pdf)
<use d8/ded/driverlib_8h__incl.pdf>
Package pdftex.def Info: d8/ded/driverlib_8h__incl.pdf  used on input line 49.
(pdftex.def)             Requested size: 350.0pt x 32.88979pt.
 [100] <./da/dcb/driverlib_8h__dep__incl.pdf>
<da/dcb/driverlib_8h__dep__incl.pdf, id=8847, 186.6975pt x 164.615pt>
File: da/dcb/driverlib_8h__dep__incl.pdf Graphic file (type pdf)
<use da/dcb/driverlib_8h__dep__incl.pdf>
Package pdftex.def Info: da/dcb/driverlib_8h__dep__incl.pdf  used on input line
 56.
(pdftex.def)             Requested size: 186.0pt x 164.00673pt.
)
(d4/d3e/driverlib_8h_source.tex [101]) (d3/d03/eusci__a__spi_8c.tex <./d8/d05/e
usci__a__spi_8c__incl.pdf>
<d8/d05/eusci__a__spi_8c__incl.pdf, id=8967, 413.545pt x 218.8175pt>
File: d8/d05/eusci__a__spi_8c__incl.pdf Graphic file (type pdf)
<use d8/d05/eusci__a__spi_8c__incl.pdf>
Package pdftex.def Info: d8/d05/eusci__a__spi_8c__incl.pdf  used on input line 
8.
(pdftex.def)             Requested size: 350.0pt x 185.19775pt.
) (d3/d03/eusci__a__spi_8c_source.tex [102] [103]
[104]) (dc/d8e/eusci__a__spi_8h.tex <./df/d06/eusci__a__spi_8h__incl.pdf>
<df/d06/eusci__a__spi_8h__incl.pdf, id=9265, 413.545pt x 218.8175pt>
File: df/d06/eusci__a__spi_8h__incl.pdf Graphic file (type pdf)
<use df/d06/eusci__a__spi_8h__incl.pdf>
Package pdftex.def Info: df/d06/eusci__a__spi_8h__incl.pdf  used on input line 
8.
(pdftex.def)             Requested size: 350.0pt x 185.19775pt.
 <./df/df1/eusci__a__spi_8h__dep__incl.pdf>
<df/df1/eusci__a__spi_8h__dep__incl.pdf, id=9273, 186.6975pt x 229.85875pt>
File: df/df1/eusci__a__spi_8h__dep__incl.pdf Graphic file (type pdf)
<use df/df1/eusci__a__spi_8h__dep__incl.pdf>
Package pdftex.def Info: df/df1/eusci__a__spi_8h__dep__incl.pdf  used on input 
line 15.
(pdftex.def)             Requested size: 186.0pt x 229.00938pt.
) (dc/d8e/eusci__a__spi_8h_source.tex
[105] [106] [107]) (d1/dfb/eusci__a__uart_8c.tex [108] <./db/dcf/eusci__a__uart
_8c__incl.pdf>
<db/dcf/eusci__a__uart_8c__incl.pdf, id=9574, 413.545pt x 218.8175pt>
File: db/dcf/eusci__a__uart_8c__incl.pdf Graphic file (type pdf)
<use db/dcf/eusci__a__uart_8c__incl.pdf>
Package pdftex.def Info: db/dcf/eusci__a__uart_8c__incl.pdf  used on input line
 8.
(pdftex.def)             Requested size: 350.0pt x 185.19775pt.
) (d1/dfb/eusci__a__uart_8c_source.tex [109] [110] [111])
(dc/dd7/eusci__a__uart_8h.tex <./d1/d48/eusci__a__uart_8h__incl.pdf>
<d1/d48/eusci__a__uart_8h__incl.pdf, id=9907, 413.545pt x 218.8175pt>
File: d1/d48/eusci__a__uart_8h__incl.pdf Graphic file (type pdf)
<use d1/d48/eusci__a__uart_8h__incl.pdf>
Package pdftex.def Info: d1/d48/eusci__a__uart_8h__incl.pdf  used on input line
 8.
(pdftex.def)             Requested size: 350.0pt x 185.19775pt.
 <./df/daa/eusci__a__uart_8h__dep__incl.pdf>
<df/daa/eusci__a__uart_8h__dep__incl.pdf, id=9915, 186.6975pt x 229.85875pt>
File: df/daa/eusci__a__uart_8h__dep__incl.pdf Graphic file (type pdf)
<use df/daa/eusci__a__uart_8h__dep__incl.pdf>
Package pdftex.def Info: df/daa/eusci__a__uart_8h__dep__incl.pdf  used on input
 line 15.
(pdftex.def)             Requested size: 186.0pt x 229.00938pt.
) (dc/dd7/eusci__a__uart_8h_source.tex
[112] [113] [114] [115]) (d9/d78/eusci__b__i2c_8c.tex <./d9/d90/eusci__b__i2c_8
c__incl.pdf>
<d9/d90/eusci__b__i2c_8c__incl.pdf, id=10188, 413.545pt x 218.8175pt>
File: d9/d90/eusci__b__i2c_8c__incl.pdf Graphic file (type pdf)
<use d9/d90/eusci__b__i2c_8c__incl.pdf>
Package pdftex.def Info: d9/d90/eusci__b__i2c_8c__incl.pdf  used on input line 
8.
(pdftex.def)             Requested size: 350.0pt x 185.19775pt.
) (d9/d78/eusci__b__i2c_8c_source.tex [116] [117] [118] [119]
[120] [121] [122] [123]) (dc/dcd/eusci__b__i2c_8h.tex <./de/d02/eusci__b__i2c_8
h__incl.pdf>
<de/d02/eusci__b__i2c_8h__incl.pdf, id=11124, 413.545pt x 218.8175pt>
File: de/d02/eusci__b__i2c_8h__incl.pdf Graphic file (type pdf)
<use de/d02/eusci__b__i2c_8h__incl.pdf>
Package pdftex.def Info: de/d02/eusci__b__i2c_8h__incl.pdf  used on input line 
8.
(pdftex.def)             Requested size: 350.0pt x 185.19775pt.
 <./da/d75/eusci__b__i2c_8h__dep__incl.pdf>
<da/d75/eusci__b__i2c_8h__dep__incl.pdf, id=11132, 186.6975pt x 229.85875pt>
File: da/d75/eusci__b__i2c_8h__dep__incl.pdf Graphic file (type pdf)
<use da/d75/eusci__b__i2c_8h__dep__incl.pdf>
Package pdftex.def Info: da/d75/eusci__b__i2c_8h__dep__incl.pdf  used on input 
line 15.
(pdftex.def)             Requested size: 186.0pt x 229.00938pt.
)
(dc/dcd/eusci__b__i2c_8h_source.tex [124] [125] [126] [127] [128] [129])
(d8/d08/eusci__b__spi_8c.tex <./dd/d8f/eusci__b__spi_8c__incl.pdf>
<dd/d8f/eusci__b__spi_8c__incl.pdf, id=11614, 413.545pt x 218.8175pt>
File: dd/d8f/eusci__b__spi_8c__incl.pdf Graphic file (type pdf)
<use dd/d8f/eusci__b__spi_8c__incl.pdf>
Package pdftex.def Info: dd/d8f/eusci__b__spi_8c__incl.pdf  used on input line 
8.
(pdftex.def)             Requested size: 350.0pt x 185.19775pt.
)
(d8/d08/eusci__b__spi_8c_source.tex [130] [131]) (de/d4c/eusci__b__spi_8h.tex <
./d7/daa/eusci__b__spi_8h__incl.pdf>
<d7/daa/eusci__b__spi_8h__incl.pdf, id=11819, 413.545pt x 218.8175pt>
File: d7/daa/eusci__b__spi_8h__incl.pdf Graphic file (type pdf)
<use d7/daa/eusci__b__spi_8h__incl.pdf>
Package pdftex.def Info: d7/daa/eusci__b__spi_8h__incl.pdf  used on input line 
8.
(pdftex.def)             Requested size: 350.0pt x 185.19775pt.
 [132] <./df/df3/eusci__b__spi_8h__dep__incl.pdf>
<df/df3/eusci__b__spi_8h__dep__incl.pdf, id=11910, 186.6975pt x 229.85875pt>
File: df/df3/eusci__b__spi_8h__dep__incl.pdf Graphic file (type pdf)
<use df/df3/eusci__b__spi_8h__dep__incl.pdf>
Package pdftex.def Info: df/df3/eusci__b__spi_8h__dep__incl.pdf  used on input 
line 15.
(pdftex.def)             Requested size: 186.0pt x 229.00938pt.
) (de/d4c/eusci__b__spi_8h_source.tex [133] [134] [135])
(d3/dae/flashctl_8c.tex <./d7/d40/flashctl_8c__incl.pdf>
<d7/d40/flashctl_8c__incl.pdf, id=12122, 413.545pt x 218.8175pt>
File: d7/d40/flashctl_8c__incl.pdf Graphic file (type pdf)
<use d7/d40/flashctl_8c__incl.pdf>
Package pdftex.def Info: d7/d40/flashctl_8c__incl.pdf  used on input line 8.
(pdftex.def)             Requested size: 350.0pt x 185.19775pt.
)
(d3/dae/flashctl_8c_source.tex [136] [137] [138] [139]) (d4/d5c/flashctl_8h.tex
 <./d5/d3e/flashctl_8h__incl.pdf>
<d5/d3e/flashctl_8h__incl.pdf, id=12542, 413.545pt x 218.8175pt>
File: d5/d3e/flashctl_8h__incl.pdf Graphic file (type pdf)
<use d5/d3e/flashctl_8h__incl.pdf>
Package pdftex.def Info: d5/d3e/flashctl_8h__incl.pdf  used on input line 8.
(pdftex.def)             Requested size: 350.0pt x 185.19775pt.
 [140] <./df/d19/flashctl_8h__dep__incl.pdf>
<df/d19/flashctl_8h__dep__incl.pdf, id=12609, 186.6975pt x 229.85875pt>
File: df/d19/flashctl_8h__dep__incl.pdf Graphic file (type pdf)
<use df/d19/flashctl_8h__dep__incl.pdf>
Package pdftex.def Info: df/d19/flashctl_8h__dep__incl.pdf  used on input line 
15.
(pdftex.def)             Requested size: 186.0pt x 229.00938pt.
)
(d4/d5c/flashctl_8h_source.tex [141] [142]) (d8/da0/gpio_8c.tex <./d5/d25/gpio_
8c__incl.pdf>
<d5/d25/gpio_8c__incl.pdf, id=12728, 413.545pt x 218.8175pt>
File: d5/d25/gpio_8c__incl.pdf Graphic file (type pdf)
<use d5/d25/gpio_8c__incl.pdf>
Package pdftex.def Info: d5/d25/gpio_8c__incl.pdf  used on input line 8.
(pdftex.def)             Requested size: 350.0pt x 185.19775pt.
) (d8/da0/gpio_8c_source.tex [143] [144] [145] [146] [147]
[148]) (d6/d7c/gpio_8h.tex <./dd/df9/gpio_8h__incl.pdf>
<dd/df9/gpio_8h__incl.pdf, id=13306, 413.545pt x 218.8175pt>
File: dd/df9/gpio_8h__incl.pdf Graphic file (type pdf)
<use dd/df9/gpio_8h__incl.pdf>
Package pdftex.def Info: dd/df9/gpio_8h__incl.pdf  used on input line 8.
(pdftex.def)             Requested size: 350.0pt x 185.19775pt.
 <./d9/dea/gpio_8h__dep__incl.pdf>
<d9/dea/gpio_8h__dep__incl.pdf, id=13314, 186.6975pt x 229.85875pt>
File: d9/dea/gpio_8h__dep__incl.pdf Graphic file (type pdf)
<use d9/dea/gpio_8h__dep__incl.pdf>
Package pdftex.def Info: d9/dea/gpio_8h__dep__incl.pdf  used on input line 15.
(pdftex.def)             Requested size: 186.0pt x 229.00938pt.
) (d6/d7c/gpio_8h_source.tex [149] [150] [151])
(df/d05/hw__memmap_8h.tex <./dc/db7/hw__memmap_8h__incl.pdf>
<dc/db7/hw__memmap_8h__incl.pdf, id=13521, 413.545pt x 164.615pt>
File: dc/db7/hw__memmap_8h__incl.pdf Graphic file (type pdf)
<use dc/db7/hw__memmap_8h__incl.pdf>
Package pdftex.def Info: dc/db7/hw__memmap_8h__incl.pdf  used on input line 11.

(pdftex.def)             Requested size: 350.0pt x 139.32307pt.
 [152] [153])
(df/d05/hw__memmap_8h_source.tex [154]) (df/dfc/version_8h.tex)
(df/dfc/version_8h_source.tex [155]) (d5/d2a/lcd__b_8c.tex <./db/ddc/lcd__b_8c_
_incl.pdf>
<db/ddc/lcd__b_8c__incl.pdf, id=13796, 413.545pt x 218.8175pt>
File: db/ddc/lcd__b_8c__incl.pdf Graphic file (type pdf)
<use db/ddc/lcd__b_8c__incl.pdf>
Package pdftex.def Info: db/ddc/lcd__b_8c__incl.pdf  used on input line 8.
(pdftex.def)             Requested size: 350.0pt x 185.19775pt.
) (d5/d2a/lcd__b_8c_source.tex [156] [157] [158] [159])
(dd/d7d/lcd__b_8h.tex <./d7/d35/lcd__b_8h__incl.pdf>
<d7/d35/lcd__b_8h__incl.pdf, id=14215, 413.545pt x 218.8175pt>
File: d7/d35/lcd__b_8h__incl.pdf Graphic file (type pdf)
<use d7/d35/lcd__b_8h__incl.pdf>
Package pdftex.def Info: d7/d35/lcd__b_8h__incl.pdf  used on input line 8.
(pdftex.def)             Requested size: 350.0pt x 185.19775pt.
 <./da/de8/lcd__b_8h__dep__incl.pdf>
<da/de8/lcd__b_8h__dep__incl.pdf, id=14223, 186.6975pt x 229.85875pt>
File: da/de8/lcd__b_8h__dep__incl.pdf Graphic file (type pdf)
<use da/de8/lcd__b_8h__dep__incl.pdf>
Package pdftex.def Info: da/de8/lcd__b_8h__dep__incl.pdf  used on input line 15
.
(pdftex.def)             Requested size: 186.0pt x 229.00938pt.
) (dd/d7d/lcd__b_8h_source.tex [160] [161] [162] [163] [164] [165]
[166] [167]) (d0/da2/lcd__c_8c.tex <./dc/d22/lcd__c_8c__incl.pdf>
<dc/d22/lcd__c_8c__incl.pdf, id=14879, 413.545pt x 218.8175pt>
File: dc/d22/lcd__c_8c__incl.pdf Graphic file (type pdf)
<use dc/d22/lcd__c_8c__incl.pdf>
Package pdftex.def Info: dc/d22/lcd__c_8c__incl.pdf  used on input line 8.
(pdftex.def)             Requested size: 350.0pt x 185.19775pt.
)
(d0/da2/lcd__c_8c_source.tex [168] [169] [170] [171] [172])
(d3/d03/lcd__c_8h.tex <./d9/d81/lcd__c_8h__incl.pdf>
<d9/d81/lcd__c_8h__incl.pdf, id=15475, 413.545pt x 218.8175pt>
File: d9/d81/lcd__c_8h__incl.pdf Graphic file (type pdf)
<use d9/d81/lcd__c_8h__incl.pdf>
Package pdftex.def Info: d9/d81/lcd__c_8h__incl.pdf  used on input line 8.
(pdftex.def)             Requested size: 350.0pt x 185.19775pt.
 [173] <./d4/dcc/lcd__c_8h__dep__incl.pdf>
<d4/dcc/lcd__c_8h__dep__incl.pdf, id=15548, 186.6975pt x 229.85875pt>
File: d4/dcc/lcd__c_8h__dep__incl.pdf Graphic file (type pdf)
<use d4/dcc/lcd__c_8h__dep__incl.pdf>
Package pdftex.def Info: d4/dcc/lcd__c_8h__dep__incl.pdf  used on input line 15
.
(pdftex.def)             Requested size: 186.0pt x 229.00938pt.
) (d3/d03/lcd__c_8h_source.tex [174] [175] [176] [177] [178]
[179] [180]) (d5/d80/ldopwr_8c.tex <./d3/d6c/ldopwr_8c__incl.pdf>
<d3/d6c/ldopwr_8c__incl.pdf, id=16124, 413.545pt x 218.8175pt>
File: d3/d6c/ldopwr_8c__incl.pdf Graphic file (type pdf)
<use d3/d6c/ldopwr_8c__incl.pdf>
Package pdftex.def Info: d3/d6c/ldopwr_8c__incl.pdf  used on input line 8.
(pdftex.def)             Requested size: 350.0pt x 185.19775pt.
)
(d5/d80/ldopwr_8c_source.tex [181] [182]) (dc/df1/ldopwr_8h.tex <./d7/d2d/ldopw
r_8h__incl.pdf>
<d7/d2d/ldopwr_8h__incl.pdf, id=16327, 413.545pt x 218.8175pt>
File: d7/d2d/ldopwr_8h__incl.pdf Graphic file (type pdf)
<use d7/d2d/ldopwr_8h__incl.pdf>
Package pdftex.def Info: d7/d2d/ldopwr_8h__incl.pdf  used on input line 8.
(pdftex.def)             Requested size: 350.0pt x 185.19775pt.
 [183] <./db/d75/ldopwr_8h__dep__incl.pdf>
<db/d75/ldopwr_8h__dep__incl.pdf, id=16411, 186.6975pt x 229.85875pt>
File: db/d75/ldopwr_8h__dep__incl.pdf Graphic file (type pdf)
<use db/d75/ldopwr_8h__dep__incl.pdf>
Package pdftex.def Info: db/d75/ldopwr_8h__dep__incl.pdf  used on input line 15
.
(pdftex.def)             Requested size: 186.0pt x 229.00938pt.
)
(dc/df1/ldopwr_8h_source.tex [184] [185] [186]) (df/dc9/mpy32_8c.tex <./df/d54/
mpy32_8c__incl.pdf>
<df/d54/mpy32_8c__incl.pdf, id=16620, 413.545pt x 218.8175pt>
File: df/d54/mpy32_8c__incl.pdf Graphic file (type pdf)
<use df/d54/mpy32_8c__incl.pdf>
Package pdftex.def Info: df/d54/mpy32_8c__incl.pdf  used on input line 8.
(pdftex.def)             Requested size: 350.0pt x 185.19775pt.
) (df/dc9/mpy32_8c_source.tex [187] [188] [189])
(d1/d2b/mpy32_8h.tex <./db/d6f/mpy32_8h__incl.pdf>
<db/d6f/mpy32_8h__incl.pdf, id=16896, 413.545pt x 218.8175pt>
File: db/d6f/mpy32_8h__incl.pdf Graphic file (type pdf)
<use db/d6f/mpy32_8h__incl.pdf>
Package pdftex.def Info: db/d6f/mpy32_8h__incl.pdf  used on input line 8.
(pdftex.def)             Requested size: 350.0pt x 185.19775pt.
 <./db/da4/mpy32_8h__dep__incl.pdf>
<db/da4/mpy32_8h__dep__incl.pdf, id=16904, 186.6975pt x 229.85875pt>
File: db/da4/mpy32_8h__dep__incl.pdf Graphic file (type pdf)
<use db/da4/mpy32_8h__dep__incl.pdf>
Package pdftex.def Info: db/da4/mpy32_8h__dep__incl.pdf  used on input line 15.

(pdftex.def)             Requested size: 186.0pt x 229.00938pt.
) (d1/d2b/mpy32_8h_source.tex [190] [191] [192]) (df/d15/oa_8c.tex <./d6/d10/oa
_8c__incl.pdf>
<d6/d10/oa_8c__incl.pdf, id=17113, 413.545pt x 218.8175pt>
File: d6/d10/oa_8c__incl.pdf Graphic file (type pdf)
<use d6/d10/oa_8c__incl.pdf>
Package pdftex.def Info: d6/d10/oa_8c__incl.pdf  used on input line 8.
(pdftex.def)             Requested size: 350.0pt x 185.19775pt.
) (df/d15/oa_8c_source.tex [193] [194]) (d5/da8/oa_8h.tex <./d6/d35/oa_8h__incl
.pdf>
<d6/d35/oa_8h__incl.pdf, id=17296, 413.545pt x 218.8175pt>
File: d6/d35/oa_8h__incl.pdf Graphic file (type pdf)
<use d6/d35/oa_8h__incl.pdf>
Package pdftex.def Info: d6/d35/oa_8h__incl.pdf  used on input line 8.
(pdftex.def)             Requested size: 350.0pt x 185.19775pt.
 <./db/d83/oa_8h__dep__incl.pdf>
<db/d83/oa_8h__dep__incl.pdf, id=17304, 186.6975pt x 229.85875pt>
File: db/d83/oa_8h__dep__incl.pdf Graphic file (type pdf)
<use db/d83/oa_8h__dep__incl.pdf>
Package pdftex.def Info: db/d83/oa_8h__dep__incl.pdf  used on input line 15.
(pdftex.def)             Requested size: 186.0pt x 229.00938pt.
)
(d5/da8/oa_8h_source.tex [195] [196] [197]) (dd/d62/pmap_8c.tex <./d5/da9/pmap_
8c__incl.pdf>
<d5/da9/pmap_8c__incl.pdf, id=17493, 413.545pt x 218.8175pt>
File: d5/da9/pmap_8c__incl.pdf Graphic file (type pdf)
<use d5/da9/pmap_8c__incl.pdf>
Package pdftex.def Info: d5/da9/pmap_8c__incl.pdf  used on input line 8.
(pdftex.def)             Requested size: 350.0pt x 185.19775pt.
) (dd/d62/pmap_8c_source.tex [198]) (dd/d33/pmap_8h.tex <./d2/ded/pmap_8h__incl
.pdf>
<d2/ded/pmap_8h__incl.pdf, id=17570, 413.545pt x 218.8175pt>
File: d2/ded/pmap_8h__incl.pdf Graphic file (type pdf)
<use d2/ded/pmap_8h__incl.pdf>
Package pdftex.def Info: d2/ded/pmap_8h__incl.pdf  used on input line 8.
(pdftex.def)             Requested size: 350.0pt x 185.19775pt.
 [199] <./d1/db0/pmap_8h__dep__incl.pdf>
<d1/db0/pmap_8h__dep__incl.pdf, id=17635, 186.6975pt x 229.85875pt>
File: d1/db0/pmap_8h__dep__incl.pdf Graphic file (type pdf)
<use d1/db0/pmap_8h__dep__incl.pdf>
Package pdftex.def Info: d1/db0/pmap_8h__dep__incl.pdf  used on input line 15.
(pdftex.def)             Requested size: 186.0pt x 229.00938pt.
)
(dd/d33/pmap_8h_source.tex [200]) (d7/ddc/pmm_8c.tex <./d2/d5f/pmm_8c__incl.pdf
>
<d2/d5f/pmm_8c__incl.pdf, id=17664, 413.545pt x 218.8175pt>
File: d2/d5f/pmm_8c__incl.pdf Graphic file (type pdf)
<use d2/d5f/pmm_8c__incl.pdf>
Package pdftex.def Info: d2/d5f/pmm_8c__incl.pdf  used on input line 8.
(pdftex.def)             Requested size: 350.0pt x 185.19775pt.
) (d7/ddc/pmm_8c_source.tex [201] [202] [203] [204] [205] [206] [207])
(d7/de4/pmm_8h.tex <./d0/d9e/pmm_8h__incl.pdf>
<d0/d9e/pmm_8h__incl.pdf, id=18571, 413.545pt x 218.8175pt>
File: d0/d9e/pmm_8h__incl.pdf Graphic file (type pdf)
<use d0/d9e/pmm_8h__incl.pdf>
Package pdftex.def Info: d0/d9e/pmm_8h__incl.pdf  used on input line 8.
(pdftex.def)             Requested size: 350.0pt x 185.19775pt.
 <./d2/daf/pmm_8h__dep__incl.pdf>
<d2/daf/pmm_8h__dep__incl.pdf, id=18579, 186.6975pt x 229.85875pt>
File: d2/daf/pmm_8h__dep__incl.pdf Graphic file (type pdf)
<use d2/daf/pmm_8h__dep__incl.pdf>
Package pdftex.def Info: d2/daf/pmm_8h__dep__incl.pdf  used on input line 15.
(pdftex.def)             Requested size: 186.0pt x 229.00938pt.
) (d7/de4/pmm_8h_source.tex [208] [209] [210] [211]) (dd/d9f/ram_8c.tex <./da/d
89/ram_8c__incl.pdf>
<da/d89/ram_8c__incl.pdf, id=18855, 413.545pt x 218.8175pt>
File: da/d89/ram_8c__incl.pdf Graphic file (type pdf)
<use da/d89/ram_8c__incl.pdf>
Package pdftex.def Info: da/d89/ram_8c__incl.pdf  used on input line 8.
(pdftex.def)             Requested size: 350.0pt x 185.19775pt.
) (dd/d9f/ram_8c_source.tex [212]) (db/d1a/ram_8h.tex <./d9/d03/ram_8h__incl.pd
f>
<d9/d03/ram_8h__incl.pdf, id=18941, 413.545pt x 218.8175pt>
File: d9/d03/ram_8h__incl.pdf Graphic file (type pdf)
<use d9/d03/ram_8h__incl.pdf>
Package pdftex.def Info: d9/d03/ram_8h__incl.pdf  used on input line 8.
(pdftex.def)             Requested size: 350.0pt x 185.19775pt.
 [213] <./dc/d41/ram_8h__dep__incl.pdf>
<dc/d41/ram_8h__dep__incl.pdf, id=18993, 186.6975pt x 229.85875pt>
File: dc/d41/ram_8h__dep__incl.pdf Graphic file (type pdf)
<use dc/d41/ram_8h__dep__incl.pdf>
Package pdftex.def Info: dc/d41/ram_8h__dep__incl.pdf  used on input line 15.
(pdftex.def)             Requested size: 186.0pt x 229.00938pt.
)
(db/d1a/ram_8h_source.tex [214]) (da/d5d/ref_8c.tex <./d1/d69/ref_8c__incl.pdf>
<d1/d69/ref_8c__incl.pdf, id=19020, 413.545pt x 218.8175pt>
File: d1/d69/ref_8c__incl.pdf Graphic file (type pdf)
<use d1/d69/ref_8c__incl.pdf>
Package pdftex.def Info: d1/d69/ref_8c__incl.pdf  used on input line 8.
(pdftex.def)             Requested size: 350.0pt x 185.19775pt.
) (da/d5d/ref_8c_source.tex [215] [216]) (df/d5f/ref_8h.tex <./d4/d6e/ref_8h__i
ncl.pdf>
<d4/d6e/ref_8h__incl.pdf, id=19175, 413.545pt x 218.8175pt>
File: d4/d6e/ref_8h__incl.pdf Graphic file (type pdf)
<use d4/d6e/ref_8h__incl.pdf>
Package pdftex.def Info: d4/d6e/ref_8h__incl.pdf  used on input line 8.
(pdftex.def)             Requested size: 350.0pt x 185.19775pt.
 <./d1/d42/ref_8h__dep__incl.pdf>
<d1/d42/ref_8h__dep__incl.pdf, id=19183, 186.6975pt x 229.85875pt>
File: d1/d42/ref_8h__dep__incl.pdf Graphic file (type pdf)
<use d1/d42/ref_8h__dep__incl.pdf>
Package pdftex.def Info: d1/d42/ref_8h__dep__incl.pdf  used on input line 15.
(pdftex.def)             Requested size: 186.0pt x 229.00938pt.
) (df/d5f/ref_8h_source.tex [217]
[218] [219]) (d9/dca/rtc__a_8c.tex <./d9/d9c/rtc__a_8c__incl.pdf>
<d9/d9c/rtc__a_8c__incl.pdf, id=19389, 413.545pt x 218.8175pt>
File: d9/d9c/rtc__a_8c__incl.pdf Graphic file (type pdf)
<use d9/d9c/rtc__a_8c__incl.pdf>
Package pdftex.def Info: d9/d9c/rtc__a_8c__incl.pdf  used on input line 8.
(pdftex.def)             Requested size: 350.0pt x 185.19775pt.
)
(d9/dca/rtc__a_8c_source.tex [220] [221] [222]) (db/d1c/rtc__a_8h.tex <./d7/d34
/rtc__a_8h__incl.pdf>
<d7/d34/rtc__a_8h__incl.pdf, id=19753, 413.545pt x 218.8175pt>
File: d7/d34/rtc__a_8h__incl.pdf Graphic file (type pdf)
<use d7/d34/rtc__a_8h__incl.pdf>
Package pdftex.def Info: d7/d34/rtc__a_8h__incl.pdf  used on input line 8.
(pdftex.def)             Requested size: 350.0pt x 185.19775pt.
 [223] <./d0/dc6/rtc__a_8h__dep__incl.pdf>
<d0/dc6/rtc__a_8h__dep__incl.pdf, id=19841, 186.6975pt x 229.85875pt>
File: d0/dc6/rtc__a_8h__dep__incl.pdf Graphic file (type pdf)
<use d0/dc6/rtc__a_8h__dep__incl.pdf>
Package pdftex.def Info: d0/dc6/rtc__a_8h__dep__incl.pdf  used on input line 15
.
(pdftex.def)             Requested size: 186.0pt x 229.00938pt.
)
(db/d1c/rtc__a_8h_source.tex [224] [225] [226] [227]) (de/de7/rtc__b_8c.tex <./
d8/d75/rtc__b_8c__incl.pdf>
<d8/d75/rtc__b_8c__incl.pdf, id=20144, 413.545pt x 218.8175pt>
File: d8/d75/rtc__b_8c__incl.pdf Graphic file (type pdf)
<use d8/d75/rtc__b_8c__incl.pdf>
Package pdftex.def Info: d8/d75/rtc__b_8c__incl.pdf  used on input line 8.
(pdftex.def)             Requested size: 350.0pt x 185.19775pt.
) (de/de7/rtc__b_8c_source.tex [228] [229] [230]
[231]) (d8/dd1/rtc__b_8h.tex <./d3/d60/rtc__b_8h__incl.pdf>
<d3/d60/rtc__b_8h__incl.pdf, id=20584, 413.545pt x 218.8175pt>
File: d3/d60/rtc__b_8h__incl.pdf Graphic file (type pdf)
<use d3/d60/rtc__b_8h__incl.pdf>
Package pdftex.def Info: d3/d60/rtc__b_8h__incl.pdf  used on input line 8.
(pdftex.def)             Requested size: 350.0pt x 185.19775pt.
 <./dc/d8f/rtc__b_8h__dep__incl.pdf>
<dc/d8f/rtc__b_8h__dep__incl.pdf, id=20592, 186.6975pt x 229.85875pt>
File: dc/d8f/rtc__b_8h__dep__incl.pdf Graphic file (type pdf)
<use dc/d8f/rtc__b_8h__dep__incl.pdf>
Package pdftex.def Info: dc/d8f/rtc__b_8h__dep__incl.pdf  used on input line 15
.
(pdftex.def)             Requested size: 186.0pt x 229.00938pt.
) (d8/dd1/rtc__b_8h_source.tex [232] [233] [234] [235])
(d5/d06/rtc__c_8c.tex <./da/d13/rtc__c_8c__incl.pdf>
<da/d13/rtc__c_8c__incl.pdf, id=20897, 413.545pt x 218.8175pt>
File: da/d13/rtc__c_8c__incl.pdf Graphic file (type pdf)
<use da/d13/rtc__c_8c__incl.pdf>
Package pdftex.def Info: da/d13/rtc__c_8c__incl.pdf  used on input line 8.
(pdftex.def)             Requested size: 350.0pt x 185.19775pt.
)
(d5/d06/rtc__c_8c_source.tex [236] [237] [238] [239]) (d4/da1/rtc__c_8h.tex <./
db/d29/rtc__c_8h__incl.pdf>
<db/d29/rtc__c_8h__incl.pdf, id=21419, 413.545pt x 218.8175pt>
File: db/d29/rtc__c_8h__incl.pdf Graphic file (type pdf)
<use db/d29/rtc__c_8h__incl.pdf>
Package pdftex.def Info: db/d29/rtc__c_8h__incl.pdf  used on input line 8.
(pdftex.def)             Requested size: 350.0pt x 185.19775pt.
 [240] <./d9/d43/rtc__c_8h__dep__incl.pdf>
<d9/d43/rtc__c_8h__dep__incl.pdf, id=21494, 186.6975pt x 229.85875pt>
File: d9/d43/rtc__c_8h__dep__incl.pdf Graphic file (type pdf)
<use d9/d43/rtc__c_8h__dep__incl.pdf>
Package pdftex.def Info: d9/d43/rtc__c_8h__dep__incl.pdf  used on input line 15
.
(pdftex.def)             Requested size: 186.0pt x 229.00938pt.
)
(d4/da1/rtc__c_8h_source.tex [241] [242] [243] [244] [245])
(d9/d4b/sd24__b_8c.tex <./d5/dab/sd24__b_8c__incl.pdf>
<d5/dab/sd24__b_8c__incl.pdf, id=21888, 413.545pt x 218.8175pt>
File: d5/dab/sd24__b_8c__incl.pdf Graphic file (type pdf)
<use d5/dab/sd24__b_8c__incl.pdf>
Package pdftex.def Info: d5/dab/sd24__b_8c__incl.pdf  used on input line 8.
(pdftex.def)             Requested size: 350.0pt x 185.19775pt.
)
(d9/d4b/sd24__b_8c_source.tex [246] [247] [248]) (d0/d04/sd24__b_8h.tex <./d2/d
09/sd24__b_8h__incl.pdf>
<d2/d09/sd24__b_8h__incl.pdf, id=22220, 413.545pt x 218.8175pt>
File: d2/d09/sd24__b_8h__incl.pdf Graphic file (type pdf)
<use d2/d09/sd24__b_8h__incl.pdf>
Package pdftex.def Info: d2/d09/sd24__b_8h__incl.pdf  used on input line 8.
(pdftex.def)             Requested size: 350.0pt x 185.19775pt.
 [249] <./d4/d43/sd24__b_8h__dep__incl.pdf>
<d4/d43/sd24__b_8h__dep__incl.pdf, id=22316, 186.6975pt x 229.85875pt>
File: d4/d43/sd24__b_8h__dep__incl.pdf Graphic file (type pdf)
<use d4/d43/sd24__b_8h__dep__incl.pdf>
Package pdftex.def Info: d4/d43/sd24__b_8h__dep__incl.pdf  used on input line 1
5.
(pdftex.def)             Requested size: 186.0pt x 229.00938pt.
)
(d0/d04/sd24__b_8h_source.tex [250] [251] [252] [253] [254] [255])
(da/da6/sfr_8c.tex <./de/d4c/sfr_8c__incl.pdf>
<de/d4c/sfr_8c__incl.pdf, id=22801, 413.545pt x 218.8175pt>
File: de/d4c/sfr_8c__incl.pdf Graphic file (type pdf)
<use de/d4c/sfr_8c__incl.pdf>
Package pdftex.def Info: de/d4c/sfr_8c__incl.pdf  used on input line 8.
(pdftex.def)             Requested size: 350.0pt x 185.19775pt.
) (da/da6/sfr_8c_source.tex
[256]) (d4/d19/sfr_8h.tex <./d7/d9f/sfr_8h__incl.pdf>
<d7/d9f/sfr_8h__incl.pdf, id=22881, 413.545pt x 218.8175pt>
File: d7/d9f/sfr_8h__incl.pdf Graphic file (type pdf)
<use d7/d9f/sfr_8h__incl.pdf>
Package pdftex.def Info: d7/d9f/sfr_8h__incl.pdf  used on input line 8.
(pdftex.def)             Requested size: 350.0pt x 185.19775pt.
 <./d7/ddc/sfr_8h__dep__incl.pdf>
<d7/ddc/sfr_8h__dep__incl.pdf, id=22889, 186.6975pt x 229.85875pt>
File: d7/ddc/sfr_8h__dep__incl.pdf Graphic file (type pdf)
<use d7/ddc/sfr_8h__dep__incl.pdf>
Package pdftex.def Info: d7/ddc/sfr_8h__dep__incl.pdf  used on input line 15.
(pdftex.def)             Requested size: 186.0pt x 229.00938pt.
) (d4/d19/sfr_8h_source.tex [257] [258]) (de/d6e/sysctl_8c.tex <./df/d1c/sysctl
_8c__incl.pdf>
<df/d1c/sysctl_8c__incl.pdf, id=22984, 413.545pt x 218.8175pt>
File: df/d1c/sysctl_8c__incl.pdf Graphic file (type pdf)
<use df/d1c/sysctl_8c__incl.pdf>
Package pdftex.def Info: df/d1c/sysctl_8c__incl.pdf  used on input line 8.
(pdftex.def)             Requested size: 350.0pt x 185.19775pt.
) (de/d6e/sysctl_8c_source.tex [259] [260])
(dd/d80/sysctl_8h.tex <./df/dfe/sysctl_8h__incl.pdf>
<df/dfe/sysctl_8h__incl.pdf, id=23183, 413.545pt x 218.8175pt>
File: df/dfe/sysctl_8h__incl.pdf Graphic file (type pdf)
<use df/dfe/sysctl_8h__incl.pdf>
Package pdftex.def Info: df/dfe/sysctl_8h__incl.pdf  used on input line 8.
(pdftex.def)             Requested size: 350.0pt x 185.19775pt.
 [261] <./da/d86/sysctl_8h__dep__incl.pdf>
<da/d86/sysctl_8h__dep__incl.pdf, id=23280, 186.6975pt x 229.85875pt>
File: da/d86/sysctl_8h__dep__incl.pdf Graphic file (type pdf)
<use da/d86/sysctl_8h__dep__incl.pdf>
Package pdftex.def Info: da/d86/sysctl_8h__dep__incl.pdf  used on input line 15
.
(pdftex.def)             Requested size: 186.0pt x 229.00938pt.
) (dd/d80/sysctl_8h_source.tex [262] [263] [264])
(d5/d8e/tec_8c.tex <./d1/d76/tec_8c__incl.pdf>
<d1/d76/tec_8c__incl.pdf, id=23489, 413.545pt x 218.8175pt>
File: d1/d76/tec_8c__incl.pdf Graphic file (type pdf)
<use d1/d76/tec_8c__incl.pdf>
Package pdftex.def Info: d1/d76/tec_8c__incl.pdf  used on input line 8.
(pdftex.def)             Requested size: 350.0pt x 185.19775pt.
) (d5/d8e/tec_8c_source.tex
[265] [266]) (dd/d97/tec_8h.tex <./d2/d20/tec_8h__incl.pdf>
<d2/d20/tec_8h__incl.pdf, id=23678, 413.545pt x 218.8175pt>
File: d2/d20/tec_8h__incl.pdf Graphic file (type pdf)
<use d2/d20/tec_8h__incl.pdf>
Package pdftex.def Info: d2/d20/tec_8h__incl.pdf  used on input line 8.
(pdftex.def)             Requested size: 350.0pt x 185.19775pt.
 [267] <./d6/d03/tec_8h__dep__incl.pdf>
<d6/d03/tec_8h__dep__incl.pdf, id=23759, 186.6975pt x 229.85875pt>
File: d6/d03/tec_8h__dep__incl.pdf Graphic file (type pdf)
<use d6/d03/tec_8h__dep__incl.pdf>
Package pdftex.def Info: d6/d03/tec_8h__dep__incl.pdf  used on input line 15.
(pdftex.def)             Requested size: 186.0pt x 229.00938pt.
) (dd/d97/tec_8h_source.tex [268] [269] [270])
(df/dd4/timer__a_8c.tex <./d0/d9f/timer__a_8c__incl.pdf>
<d0/d9f/timer__a_8c__incl.pdf, id=23970, 413.545pt x 218.8175pt>
File: d0/d9f/timer__a_8c__incl.pdf Graphic file (type pdf)
<use d0/d9f/timer__a_8c__incl.pdf>
Package pdftex.def Info: d0/d9f/timer__a_8c__incl.pdf  used on input line 8.
(pdftex.def)             Requested size: 350.0pt x 185.19775pt.
)
(df/dd4/timer__a_8c_source.tex [271] [272] [273] [274] [275])
(de/d0e/timer__a_8h.tex <./d1/d1d/timer__a_8h__incl.pdf>
<d1/d1d/timer__a_8h__incl.pdf, id=24516, 413.545pt x 218.8175pt>
File: d1/d1d/timer__a_8h__incl.pdf Graphic file (type pdf)
<use d1/d1d/timer__a_8h__incl.pdf>
Package pdftex.def Info: d1/d1d/timer__a_8h__incl.pdf  used on input line 8.
(pdftex.def)             Requested size: 350.0pt x 185.19775pt.
 <./de/da7/timer__a_8h__dep__incl.pdf>
<de/da7/timer__a_8h__dep__incl.pdf, id=24524, 186.6975pt x 229.85875pt>
File: de/da7/timer__a_8h__dep__incl.pdf Graphic file (type pdf)
<use de/da7/timer__a_8h__dep__incl.pdf>
Package pdftex.def Info: de/da7/timer__a_8h__dep__incl.pdf  used on input line 
15.
(pdftex.def)             Requested size: 186.0pt x 229.00938pt.
) (de/d0e/timer__a_8h_source.tex [276] [277] [278] [279]
[280] [281] [282]) (d4/d2c/timer__b_8c.tex <./d6/d54/timer__b_8c__incl.pdf>
<d6/d54/timer__b_8c__incl.pdf, id=25075, 413.545pt x 218.8175pt>
File: d6/d54/timer__b_8c__incl.pdf Graphic file (type pdf)
<use d6/d54/timer__b_8c__incl.pdf>
Package pdftex.def Info: d6/d54/timer__b_8c__incl.pdf  used on input line 8.
(pdftex.def)             Requested size: 350.0pt x 185.19775pt.
)
(d4/d2c/timer__b_8c_source.tex [283] [284] [285] [286] [287])
(db/df7/timer__b_8h.tex <./d0/da2/timer__b_8h__incl.pdf>
<d0/da2/timer__b_8h__incl.pdf, id=25626, 413.545pt x 218.8175pt>
File: d0/da2/timer__b_8h__incl.pdf Graphic file (type pdf)
<use d0/da2/timer__b_8h__incl.pdf>
Package pdftex.def Info: d0/da2/timer__b_8h__incl.pdf  used on input line 8.
(pdftex.def)             Requested size: 350.0pt x 185.19775pt.
 <./d6/d06/timer__b_8h__dep__incl.pdf>
<d6/d06/timer__b_8h__dep__incl.pdf, id=25634, 186.6975pt x 229.85875pt>
File: d6/d06/timer__b_8h__dep__incl.pdf Graphic file (type pdf)
<use d6/d06/timer__b_8h__dep__incl.pdf>
Package pdftex.def Info: d6/d06/timer__b_8h__dep__incl.pdf  used on input line 
15.
(pdftex.def)             Requested size: 186.0pt x 229.00938pt.
) (db/df7/timer__b_8h_source.tex [288] [289] [290] [291]
[292] [293] [294]) (db/dbe/timer__d_8c.tex <./dc/d05/timer__d_8c__incl.pdf>
<dc/d05/timer__d_8c__incl.pdf, id=26206, 413.545pt x 218.8175pt>
File: dc/d05/timer__d_8c__incl.pdf Graphic file (type pdf)
<use dc/d05/timer__d_8c__incl.pdf>
Package pdftex.def Info: dc/d05/timer__d_8c__incl.pdf  used on input line 8.
(pdftex.def)             Requested size: 350.0pt x 185.19775pt.
)
(db/dbe/timer__d_8c_source.tex [295] [296] [297] [298] [299] [300] [301])
(db/de4/timer__d_8h.tex <./d3/de7/timer__d_8h__incl.pdf>
<d3/de7/timer__d_8h__incl.pdf, id=27040, 413.545pt x 218.8175pt>
File: d3/de7/timer__d_8h__incl.pdf Graphic file (type pdf)
<use d3/de7/timer__d_8h__incl.pdf>
Package pdftex.def Info: d3/de7/timer__d_8h__incl.pdf  used on input line 8.
(pdftex.def)             Requested size: 350.0pt x 185.19775pt.
 <./dd/de0/timer__d_8h__dep__incl.pdf>
<dd/de0/timer__d_8h__dep__incl.pdf, id=27048, 186.6975pt x 229.85875pt>
File: dd/de0/timer__d_8h__dep__incl.pdf Graphic file (type pdf)
<use dd/de0/timer__d_8h__dep__incl.pdf>
Package pdftex.def Info: dd/de0/timer__d_8h__dep__incl.pdf  used on input line 
15.
(pdftex.def)             Requested size: 186.0pt x 229.00938pt.
) (db/de4/timer__d_8h_source.tex [302] [303] [304] [305]
[306] [307] [308] [309] [310] [311]) (d7/d5a/tlv_8c.tex <./d1/d0e/tlv_8c__incl.
pdf>
<d1/d0e/tlv_8c__incl.pdf, id=27873, 413.545pt x 218.8175pt>
File: d1/d0e/tlv_8c__incl.pdf Graphic file (type pdf)
<use d1/d0e/tlv_8c__incl.pdf>
Package pdftex.def Info: d1/d0e/tlv_8c__incl.pdf  used on input line 8.
(pdftex.def)             Requested size: 350.0pt x 185.19775pt.
) (d7/d5a/tlv_8c_source.tex [312] [313] [314]) (d7/dc3/tlv_8h.tex <./de/df9/tlv
_8h__incl.pdf>
<de/df9/tlv_8h__incl.pdf, id=28115, 413.545pt x 218.8175pt>
File: de/df9/tlv_8h__incl.pdf Graphic file (type pdf)
<use de/df9/tlv_8h__incl.pdf>
Package pdftex.def Info: de/df9/tlv_8h__incl.pdf  used on input line 8.
(pdftex.def)             Requested size: 350.0pt x 185.19775pt.
 [315] <./de/d5d/tlv_8h__dep__incl.pdf>
<de/d5d/tlv_8h__dep__incl.pdf, id=28209, 186.6975pt x 229.85875pt>
File: de/d5d/tlv_8h__dep__incl.pdf Graphic file (type pdf)
<use de/d5d/tlv_8h__dep__incl.pdf>
Package pdftex.def Info: de/d5d/tlv_8h__dep__incl.pdf  used on input line 15.
(pdftex.def)             Requested size: 186.0pt x 229.00938pt.
)
(d7/dc3/tlv_8h_source.tex [316] [317] [318]) (df/d31/ucs_8c.tex <./db/dc2/ucs_8
c__incl.pdf>
<db/dc2/ucs_8c__incl.pdf, id=28420, 413.545pt x 218.8175pt>
File: db/dc2/ucs_8c__incl.pdf Graphic file (type pdf)
<use db/dc2/ucs_8c__incl.pdf>
Package pdftex.def Info: db/dc2/ucs_8c__incl.pdf  used on input line 8.
(pdftex.def)             Requested size: 350.0pt x 185.19775pt.
) (df/d31/ucs_8c_source.tex [319] [320] [321] [322] [323] [324]
[325] [326] [327] [328] [329]) (d2/d35/ucs_8h.tex <./da/ded/ucs_8h__incl.pdf>
<da/ded/ucs_8h__incl.pdf, id=29737, 413.545pt x 218.8175pt>
File: da/ded/ucs_8h__incl.pdf Graphic file (type pdf)
<use da/ded/ucs_8h__incl.pdf>
Package pdftex.def Info: da/ded/ucs_8h__incl.pdf  used on input line 8.
(pdftex.def)             Requested size: 350.0pt x 185.19775pt.

[330] <./d7/d94/ucs_8h__dep__incl.pdf>
<d7/d94/ucs_8h__dep__incl.pdf, id=29813, 186.6975pt x 229.85875pt>
File: d7/d94/ucs_8h__dep__incl.pdf Graphic file (type pdf)
<use d7/d94/ucs_8h__dep__incl.pdf>
Package pdftex.def Info: d7/d94/ucs_8h__dep__incl.pdf  used on input line 15.
(pdftex.def)             Requested size: 186.0pt x 229.00938pt.
) (d2/d35/ucs_8h_source.tex [331]
[332] [333] [334]) (df/d1f/usci__a__spi_8c.tex <./dc/dc8/usci__a__spi_8c__incl.
pdf>
<dc/dc8/usci__a__spi_8c__incl.pdf, id=30114, 413.545pt x 218.8175pt>
File: dc/dc8/usci__a__spi_8c__incl.pdf Graphic file (type pdf)
<use dc/dc8/usci__a__spi_8c__incl.pdf>
Package pdftex.def Info: dc/dc8/usci__a__spi_8c__incl.pdf  used on input line 8
.
(pdftex.def)             Requested size: 350.0pt x 185.19775pt.
) (df/d1f/usci__a__spi_8c_source.tex [335] [336] [337])
(d5/d5d/usci__a__spi_8h.tex <./d2/d0a/usci__a__spi_8h__incl.pdf>
<d2/d0a/usci__a__spi_8h__incl.pdf, id=30389, 413.545pt x 218.8175pt>
File: d2/d0a/usci__a__spi_8h__incl.pdf Graphic file (type pdf)
<use d2/d0a/usci__a__spi_8h__incl.pdf>
Package pdftex.def Info: d2/d0a/usci__a__spi_8h__incl.pdf  used on input line 8
.
(pdftex.def)             Requested size: 350.0pt x 185.19775pt.
 [338] <./de/def/usci__a__spi_8h__dep__incl.pdf>
<de/def/usci__a__spi_8h__dep__incl.pdf, id=30463, 186.6975pt x 229.85875pt>
File: de/def/usci__a__spi_8h__dep__incl.pdf Graphic file (type pdf)
<use de/def/usci__a__spi_8h__dep__incl.pdf>
Package pdftex.def Info: de/def/usci__a__spi_8h__dep__incl.pdf  used on input l
ine 15.
(pdftex.def)             Requested size: 186.0pt x 229.00938pt.
) (d5/d5d/usci__a__spi_8h_source.tex [339]
[340] [341]) (d3/d77/usci__a__uart_8c.tex <./da/d81/usci__a__uart_8c__incl.pdf>
<da/d81/usci__a__uart_8c__incl.pdf, id=30675, 413.545pt x 218.8175pt>
File: da/d81/usci__a__uart_8c__incl.pdf Graphic file (type pdf)
<use da/d81/usci__a__uart_8c__incl.pdf>
Package pdftex.def Info: da/d81/usci__a__uart_8c__incl.pdf  used on input line 
8.
(pdftex.def)             Requested size: 350.0pt x 185.19775pt.
) (d3/d77/usci__a__uart_8c_source.tex [342] [343] [344])
(d2/dd0/usci__a__uart_8h.tex <./dc/d67/usci__a__uart_8h__incl.pdf>
<dc/d67/usci__a__uart_8h__incl.pdf, id=31006, 413.545pt x 218.8175pt>
File: dc/d67/usci__a__uart_8h__incl.pdf Graphic file (type pdf)
<use dc/d67/usci__a__uart_8h__incl.pdf>
Package pdftex.def Info: dc/d67/usci__a__uart_8h__incl.pdf  used on input line 
8.
(pdftex.def)             Requested size: 350.0pt x 185.19775pt.
 [345] <./d8/d8f/usci__a__uart_8h__dep__incl.pdf>
<d8/d8f/usci__a__uart_8h__dep__incl.pdf, id=31071, 186.6975pt x 229.85875pt>
File: d8/d8f/usci__a__uart_8h__dep__incl.pdf Graphic file (type pdf)
<use d8/d8f/usci__a__uart_8h__dep__incl.pdf>
Package pdftex.def Info: d8/d8f/usci__a__uart_8h__dep__incl.pdf  used on input 
line 15.
(pdftex.def)             Requested size: 186.0pt x 229.00938pt.
) (d2/dd0/usci__a__uart_8h_source.tex
[346] [347] [348]) (d4/ddb/usci__b__i2c_8c.tex <./dc/d93/usci__b__i2c_8c__incl.
pdf>
<dc/d93/usci__b__i2c_8c__incl.pdf, id=31282, 413.545pt x 218.8175pt>
File: dc/d93/usci__b__i2c_8c__incl.pdf Graphic file (type pdf)
<use dc/d93/usci__b__i2c_8c__incl.pdf>
Package pdftex.def Info: dc/d93/usci__b__i2c_8c__incl.pdf  used on input line 8
.
(pdftex.def)             Requested size: 350.0pt x 185.19775pt.
) (d4/ddb/usci__b__i2c_8c_source.tex [349] [350] [351] [352] [353] [354]
[355] [356]) (de/ddb/usci__b__i2c_8h.tex <./d0/def/usci__b__i2c_8h__incl.pdf>
<d0/def/usci__b__i2c_8h__incl.pdf, id=32217, 413.545pt x 218.8175pt>
File: d0/def/usci__b__i2c_8h__incl.pdf Graphic file (type pdf)
<use d0/def/usci__b__i2c_8h__incl.pdf>
Package pdftex.def Info: d0/def/usci__b__i2c_8h__incl.pdf  used on input line 8
.
(pdftex.def)             Requested size: 350.0pt x 185.19775pt.
 <./d1/db7/usci__b__i2c_8h__dep__incl.pdf>
<d1/db7/usci__b__i2c_8h__dep__incl.pdf, id=32225, 186.6975pt x 229.85875pt>
File: d1/db7/usci__b__i2c_8h__dep__incl.pdf Graphic file (type pdf)
<use d1/db7/usci__b__i2c_8h__dep__incl.pdf>
Package pdftex.def Info: d1/db7/usci__b__i2c_8h__dep__incl.pdf  used on input l
ine 15.
(pdftex.def)             Requested size: 186.0pt x 229.00938pt.
) (de/ddb/usci__b__i2c_8h_source.tex
[357] [358] [359] [360] [361]) (d9/d8d/usci__b__spi_8c.tex <./d2/d5b/usci__b__s
pi_8c__incl.pdf>
<d2/d5b/usci__b__spi_8c__incl.pdf, id=32592, 413.545pt x 218.8175pt>
File: d2/d5b/usci__b__spi_8c__incl.pdf Graphic file (type pdf)
<use d2/d5b/usci__b__spi_8c__incl.pdf>
Package pdftex.def Info: d2/d5b/usci__b__spi_8c__incl.pdf  used on input line 8
.
(pdftex.def)             Requested size: 350.0pt x 185.19775pt.
) (d9/d8d/usci__b__spi_8c_source.tex [362] [363] [364])
(dd/d92/usci__b__spi_8h.tex <./dd/d29/usci__b__spi_8h__incl.pdf>
<dd/d29/usci__b__spi_8h__incl.pdf, id=32872, 413.545pt x 218.8175pt>
File: dd/d29/usci__b__spi_8h__incl.pdf Graphic file (type pdf)
<use dd/d29/usci__b__spi_8h__incl.pdf>
Package pdftex.def Info: dd/d29/usci__b__spi_8h__incl.pdf  used on input line 8
.
(pdftex.def)             Requested size: 350.0pt x 185.19775pt.
 [365] <./d0/daa/usci__b__spi_8h__dep__incl.pdf>
<d0/daa/usci__b__spi_8h__dep__incl.pdf, id=32943, 186.6975pt x 229.85875pt>
File: d0/daa/usci__b__spi_8h__dep__incl.pdf Graphic file (type pdf)
<use d0/daa/usci__b__spi_8h__dep__incl.pdf>
Package pdftex.def Info: d0/daa/usci__b__spi_8h__dep__incl.pdf  used on input l
ine 15.
(pdftex.def)             Requested size: 186.0pt x 229.00938pt.
) (dd/d92/usci__b__spi_8h_source.tex [366]
[367] [368]) (d8/d06/wdt__a_8c.tex <./d8/da3/wdt__a_8c__incl.pdf>
<d8/da3/wdt__a_8c__incl.pdf, id=33154, 413.545pt x 218.8175pt>
File: d8/da3/wdt__a_8c__incl.pdf Graphic file (type pdf)
<use d8/da3/wdt__a_8c__incl.pdf>
Package pdftex.def Info: d8/da3/wdt__a_8c__incl.pdf  used on input line 8.
(pdftex.def)             Requested size: 350.0pt x 185.19775pt.
)
(d8/d06/wdt__a_8c_source.tex [369]) (de/df1/wdt__a_8h.tex <./d0/d64/wdt__a_8h__
incl.pdf>
<d0/d64/wdt__a_8h__incl.pdf, id=33238, 413.545pt x 218.8175pt>
File: d0/d64/wdt__a_8h__incl.pdf Graphic file (type pdf)
<use d0/d64/wdt__a_8h__incl.pdf>
Package pdftex.def Info: d0/d64/wdt__a_8h__incl.pdf  used on input line 8.
(pdftex.def)             Requested size: 350.0pt x 185.19775pt.
 [370] <./d5/dc1/wdt__a_8h__dep__incl.pdf>
<d5/dc1/wdt__a_8h__dep__incl.pdf, id=33318, 186.6975pt x 229.85875pt>
File: d5/dc1/wdt__a_8h__dep__incl.pdf Graphic file (type pdf)
<use d5/dc1/wdt__a_8h__dep__incl.pdf>
Package pdftex.def Info: d5/dc1/wdt__a_8h__dep__incl.pdf  used on input line 15
.
(pdftex.def)             Requested size: 186.0pt x 229.00938pt.
)
(de/df1/wdt__a_8h_source.tex [371] [372]) (d0/d29/main_8c.tex <./d4/d10/main_8c
__incl.pdf>
<d4/d10/main_8c__incl.pdf, id=33436, 3195.94pt x 318.18875pt>
File: d4/d10/main_8c__incl.pdf Graphic file (type pdf)
<use d4/d10/main_8c__incl.pdf>
Package pdftex.def Info: d4/d10/main_8c__incl.pdf  used on input line 19.
(pdftex.def)             Requested size: 350.0pt x 34.84549pt.
LaTeX Font Info:    Font shape `T1/phv/m/it' in size <9> not available
(Font)              Font shape `T1/phv/m/sl' tried instead on input line 70.
LaTeX Font Info:    Font shape `T1/phv/m/sl' will be
(Font)              scaled to size 8.09995pt on input line 70.
LaTeX Font Info:    Font shape `T1/phv/m/it' in size <7> not available
(Font)              Font shape `T1/phv/m/sl' tried instead on input line 76.
LaTeX Font Info:    Font shape `T1/phv/m/sl' will be
(Font)              scaled to size 6.29996pt on input line 76.
 [373]
Underfull \hbox (badness 10000) in paragraph at lines 92--92

 []


Underfull \hbox (badness 10000) detected at line 109
[][][]
 []

[374] [375] [376] <./d0/d29/main_8c_a2906a121ee398d028aa0a32520fdc4bf_cgraph.pd
f>
<d0/d29/main_8c_a2906a121ee398d028aa0a32520fdc4bf_cgraph.pdf, id=33682, 529.98p
t x 173.64874pt>
File: d0/d29/main_8c_a2906a121ee398d028aa0a32520fdc4bf_cgraph.pdf Graphic file 
(type pdf)
<use d0/d29/main_8c_a2906a121ee398d028aa0a32520fdc4bf_cgraph.pdf>
Package pdftex.def Info: d0/d29/main_8c_a2906a121ee398d028aa0a32520fdc4bf_cgrap
h.pdf  used on input line 324.
(pdftex.def)             Requested size: 350.0pt x 114.68005pt.
 <./d0/d29/main_8c_a1ac687a2cb5c5d3a70360cde7dd17d59_icgraph.pdf>
<d0/d29/main_8c_a1ac687a2cb5c5d3a70360cde7dd17d59_icgraph.pdf, id=33696, 214.80
25pt x 99.37125pt>
File: d0/d29/main_8c_a1ac687a2cb5c5d3a70360cde7dd17d59_icgraph.pdf Graphic file
 (type pdf)
<use d0/d29/main_8c_a1ac687a2cb5c5d3a70360cde7dd17d59_icgraph.pdf>
Package pdftex.def Info: d0/d29/main_8c_a1ac687a2cb5c5d3a70360cde7dd17d59_icgra
ph.pdf  used on input line 346.
(pdftex.def)             Requested size: 214.0pt x 99.00102pt.
LaTeX Font Info:    Font shape `T1/phv/m/it' in size <10> not available
(Font)              Font shape `T1/phv/m/sl' tried instead on input line 363.
LaTeX Font Info:    Font shape `T1/phv/m/sl' will be
(Font)              scaled to size 8.99994pt on input line 363.
 [377]
Underfull \hbox (badness 10000) detected at line 364
[][][]
 []

 <./d0/d29/main_8c_a7294f3e15e28e0bbe48469461aca9588_cgraph.pdf>
<d0/d29/main_8c_a7294f3e15e28e0bbe48469461aca9588_cgraph.pdf, id=33721, 412.541
24pt x 136.51pt>
File: d0/d29/main_8c_a7294f3e15e28e0bbe48469461aca9588_cgraph.pdf Graphic file 
(type pdf)
<use d0/d29/main_8c_a7294f3e15e28e0bbe48469461aca9588_cgraph.pdf>
Package pdftex.def Info: d0/d29/main_8c_a7294f3e15e28e0bbe48469461aca9588_cgrap
h.pdf  used on input line 375.
(pdftex.def)             Requested size: 350.0pt x 115.81741pt.
 <./d0/d29/main_8c_a7294f3e15e28e0bbe48469461aca9588_icgraph.pdf>
<d0/d29/main_8c_a7294f3e15e28e0bbe48469461aca9588_icgraph.pdf, id=33729, 297.11
pt x 99.37125pt>
File: d0/d29/main_8c_a7294f3e15e28e0bbe48469461aca9588_icgraph.pdf Graphic file
 (type pdf)
<use d0/d29/main_8c_a7294f3e15e28e0bbe48469461aca9588_icgraph.pdf>
Package pdftex.def Info: d0/d29/main_8c_a7294f3e15e28e0bbe48469461aca9588_icgra
ph.pdf  used on input line 382.
(pdftex.def)             Requested size: 296.0pt x 99.00406pt.

Underfull \hbox (badness 10000) detected at line 395
[][][]
 []

 <./d0/d29/main_8c_a137df2d65e6c7f17465d134883fa5a56_cgraph.pdf>
<d0/d29/main_8c_a137df2d65e6c7f17465d134883fa5a56_cgraph.pdf, id=33741, 273.02p
t x 99.37125pt>
File: d0/d29/main_8c_a137df2d65e6c7f17465d134883fa5a56_cgraph.pdf Graphic file 
(type pdf)
<use d0/d29/main_8c_a137df2d65e6c7f17465d134883fa5a56_cgraph.pdf>
Package pdftex.def Info: d0/d29/main_8c_a137df2d65e6c7f17465d134883fa5a56_cgrap
h.pdf  used on input line 406.
(pdftex.def)             Requested size: 272.0pt x 99.00557pt.
 [378] <./d0/d29/main_8c_a137df2d65e6c7f17465d134883fa5a56_icgraph.pdf>
<d0/d29/main_8c_a137df2d65e6c7f17465d134883fa5a56_icgraph.pdf, id=33758, 422.57
875pt x 99.37125pt>
File: d0/d29/main_8c_a137df2d65e6c7f17465d134883fa5a56_icgraph.pdf Graphic file
 (type pdf)
<use d0/d29/main_8c_a137df2d65e6c7f17465d134883fa5a56_icgraph.pdf>
Package pdftex.def Info: d0/d29/main_8c_a137df2d65e6c7f17465d134883fa5a56_icgra
ph.pdf  used on input line 413.
(pdftex.def)             Requested size: 350.0pt x 82.30676pt.

Underfull \hbox (badness 10000) detected at line 431
[][][]
 []

 <./d0/d29/main_8c_a812dd7d99fdfe16bc1b8b0c324abc99f_icgraph.pdf>
<d0/d29/main_8c_a812dd7d99fdfe16bc1b8b0c324abc99f_icgraph.pdf, id=33774, 209.78
375pt x 99.37125pt>
File: d0/d29/main_8c_a812dd7d99fdfe16bc1b8b0c324abc99f_icgraph.pdf Graphic file
 (type pdf)
<use d0/d29/main_8c_a812dd7d99fdfe16bc1b8b0c324abc99f_icgraph.pdf>
Package pdftex.def Info: d0/d29/main_8c_a812dd7d99fdfe16bc1b8b0c324abc99f_icgra
ph.pdf  used on input line 456.
(pdftex.def)             Requested size: 209.0pt x 98.99951pt.
 [379]
Underfull \hbox (badness 10000) in paragraph at lines 467--468

 []

 <./d0/d29/main_8c_a3dce655dd03e27a06b8aa56167d545c2_cgraph.pdf>
<d0/d29/main_8c_a3dce655dd03e27a06b8aa56167d545c2_cgraph.pdf, id=33800, 404.511
25pt x 136.51pt>
File: d0/d29/main_8c_a3dce655dd03e27a06b8aa56167d545c2_cgraph.pdf Graphic file 
(type pdf)
<use d0/d29/main_8c_a3dce655dd03e27a06b8aa56167d545c2_cgraph.pdf>
Package pdftex.def Info: d0/d29/main_8c_a3dce655dd03e27a06b8aa56167d545c2_cgrap
h.pdf  used on input line 481.
(pdftex.def)             Requested size: 350.0pt x 118.117pt.
 <./d0/d29/main_8c_a3dce655dd03e27a06b8aa56167d545c2_icgraph.pdf>
<d0/d29/main_8c_a3dce655dd03e27a06b8aa56167d545c2_icgraph.pdf, id=33808, 286.06
876pt x 99.37125pt>
File: d0/d29/main_8c_a3dce655dd03e27a06b8aa56167d545c2_icgraph.pdf Graphic file
 (type pdf)
<use d0/d29/main_8c_a3dce655dd03e27a06b8aa56167d545c2_icgraph.pdf>
Package pdftex.def Info: d0/d29/main_8c_a3dce655dd03e27a06b8aa56167d545c2_icgra
ph.pdf  used on input line 488.
(pdftex.def)             Requested size: 285.0pt x 99.00102pt.
 [380] <./d0/d29/main_8c_ab0168987d8bc3c3d7b066f74b56fdf21_cgraph.pdf>
<d0/d29/main_8c_ab0168987d8bc3c3d7b066f74b56fdf21_cgraph.pdf, id=33831, 261.978
74pt x 99.37125pt>
File: d0/d29/main_8c_ab0168987d8bc3c3d7b066f74b56fdf21_cgraph.pdf Graphic file 
(type pdf)
<use d0/d29/main_8c_ab0168987d8bc3c3d7b066f74b56fdf21_cgraph.pdf>
Package pdftex.def Info: d0/d29/main_8c_ab0168987d8bc3c3d7b066f74b56fdf21_cgrap
h.pdf  used on input line 510.
(pdftex.def)             Requested size: 261.0pt x 99.00253pt.
 <./d0/d29/main_8c_ab0168987d8bc3c3d7b066f74b56fdf21_icgraph.pdf>
<d0/d29/main_8c_ab0168987d8bc3c3d7b066f74b56fdf21_icgraph.pdf, id=33839, 206.77
25pt x 99.37125pt>
File: d0/d29/main_8c_ab0168987d8bc3c3d7b066f74b56fdf21_icgraph.pdf Graphic file
 (type pdf)
<use d0/d29/main_8c_ab0168987d8bc3c3d7b066f74b56fdf21_icgraph.pdf>
Package pdftex.def Info: d0/d29/main_8c_ab0168987d8bc3c3d7b066f74b56fdf21_icgra
ph.pdf  used on input line 518.
(pdftex.def)             Requested size: 206.0pt x 99.00253pt.
 <./d0/d29/main_8c_a451a90035e860d931a19c1a8890b8a11_cgraph.pdf>
<d0/d29/main_8c_a451a90035e860d931a19c1a8890b8a11_cgraph.pdf, id=33855, 305.14p
t x 99.37125pt>
File: d0/d29/main_8c_a451a90035e860d931a19c1a8890b8a11_cgraph.pdf Graphic file 
(type pdf)
<use d0/d29/main_8c_a451a90035e860d931a19c1a8890b8a11_cgraph.pdf>
Package pdftex.def Info: d0/d29/main_8c_a451a90035e860d931a19c1a8890b8a11_cgrap
h.pdf  used on input line 539.
(pdftex.def)             Requested size: 304.0pt x 99.00406pt.
 [381] <./d0/d29/main_8c_a451a90035e860d931a19c1a8890b8a11_icgraph.pdf>
<d0/d29/main_8c_a451a90035e860d931a19c1a8890b8a11_icgraph.pdf, id=33873, 289.08
pt x 99.37125pt>
File: d0/d29/main_8c_a451a90035e860d931a19c1a8890b8a11_icgraph.pdf Graphic file
 (type pdf)
<use d0/d29/main_8c_a451a90035e860d931a19c1a8890b8a11_icgraph.pdf>
Package pdftex.def Info: d0/d29/main_8c_a451a90035e860d931a19c1a8890b8a11_icgra
ph.pdf  used on input line 546.
(pdftex.def)             Requested size: 288.0pt x 99.00557pt.
 <./d0/d29/main_8c_a9bdd6c2793087b0207fd0464ce017df1_icgraph.pdf>
<d0/d29/main_8c_a9bdd6c2793087b0207fd0464ce017df1_icgraph.pdf, id=33885, 418.56
375pt x 173.64874pt>
File: d0/d29/main_8c_a9bdd6c2793087b0207fd0464ce017df1_icgraph.pdf Graphic file
 (type pdf)
<use d0/d29/main_8c_a9bdd6c2793087b0207fd0464ce017df1_icgraph.pdf>
Package pdftex.def Info: d0/d29/main_8c_a9bdd6c2793087b0207fd0464ce017df1_icgra
ph.pdf  used on input line 568.
(pdftex.def)             Requested size: 350.0pt x 145.20152pt.
 [382] <./d0/d29/main_8c_ab7aacd7eef9518969f3d6ecf946b3f77_icgraph.pdf>
<d0/d29/main_8c_ab7aacd7eef9518969f3d6ecf946b3f77_icgraph.pdf, id=33907, 525.96
5pt x 99.37125pt>
File: d0/d29/main_8c_ab7aacd7eef9518969f3d6ecf946b3f77_icgraph.pdf Graphic file
 (type pdf)
<use d0/d29/main_8c_ab7aacd7eef9518969f3d6ecf946b3f77_icgraph.pdf>
Package pdftex.def Info: d0/d29/main_8c_ab7aacd7eef9518969f3d6ecf946b3f77_icgra
ph.pdf  used on input line 589.
(pdftex.def)             Requested size: 350.0pt x 66.12805pt.
 <./d0/d29/main_8c_a7dfd9b79bc5a37d7df40207afbc5431f_cgraph.pdf>
<d0/d29/main_8c_a7dfd9b79bc5a37d7df40207afbc5431f_cgraph.pdf, id=33919, 361.35p
t x 247.92625pt>
File: d0/d29/main_8c_a7dfd9b79bc5a37d7df40207afbc5431f_cgraph.pdf Graphic file 
(type pdf)
<use d0/d29/main_8c_a7dfd9b79bc5a37d7df40207afbc5431f_cgraph.pdf>
Package pdftex.def Info: d0/d29/main_8c_a7dfd9b79bc5a37d7df40207afbc5431f_cgrap
h.pdf  used on input line 611.
(pdftex.def)             Requested size: 350.0pt x 240.14014pt.
 <./d0/d29/main_8c_a1874631cc718c96363194def377c9010_icgraph.pdf>
<d0/d29/main_8c_a1874631cc718c96363194def377c9010_icgraph.pdf, id=33931, 231.86
626pt x 99.37125pt>
File: d0/d29/main_8c_a1874631cc718c96363194def377c9010_icgraph.pdf Graphic file
 (type pdf)
<use d0/d29/main_8c_a1874631cc718c96363194def377c9010_icgraph.pdf>
Package pdftex.def Info: d0/d29/main_8c_a1874631cc718c96363194def377c9010_icgra
ph.pdf  used on input line 632.
(pdftex.def)             Requested size: 231.0pt x 99.00253pt.
 [383]
LaTeX Font Info:    Font shape `T1/pcr/m/it' in size <7> not available
(Font)              Font shape `T1/pcr/m/sl' tried instead on input line 639.
 <./d0/d29/main_8c_a16451156c0206670a702e5809c302113_cgraph.pdf>
<d0/d29/main_8c_a16451156c0206670a702e5809c302113_cgraph.pdf, id=33952, 258.967
5pt x 99.37125pt>
File: d0/d29/main_8c_a16451156c0206670a702e5809c302113_cgraph.pdf Graphic file 
(type pdf)
<use d0/d29/main_8c_a16451156c0206670a702e5809c302113_cgraph.pdf>
Package pdftex.def Info: d0/d29/main_8c_a16451156c0206670a702e5809c302113_cgrap
h.pdf  used on input line 653.
(pdftex.def)             Requested size: 258.0pt x 99.01012pt.
 <./d0/d29/main_8c_a16451156c0206670a702e5809c302113_icgraph.pdf>
<d0/d29/main_8c_a16451156c0206670a702e5809c302113_icgraph.pdf, id=33960, 410.53
375pt x 136.51pt>
File: d0/d29/main_8c_a16451156c0206670a702e5809c302113_icgraph.pdf Graphic file
 (type pdf)
<use d0/d29/main_8c_a16451156c0206670a702e5809c302113_icgraph.pdf>
Package pdftex.def Info: d0/d29/main_8c_a16451156c0206670a702e5809c302113_icgra
ph.pdf  used on input line 660.
(pdftex.def)             Requested size: 350.0pt x 116.3798pt.
 [384]) (d0/d29/main_8c_source.tex [385] [386] [387] [388]) [389]
[390

] (refman.ind
LaTeX Font Info:    Font shape `T1/phv/m/n' will be
(Font)              scaled to size 22.39185pt on input line 1.
 [391


]
Underfull \hbox (badness 10000) in paragraph at lines 152--154
[]\T1/phv/m/n/10 driverlib/MSP430F5xx_6xx/inc/hw_memmap.h, [][]152[][],
 []

[392]
Underfull \hbox (badness 10000) in paragraph at lines 244--246
[]| \T1/phv/m/n/10 __DRI-VER-LIB_MSP430F5XX_6XX_FAMILY__,
 []

[393] [394

]) (refman.aux)
 ***********
LaTeX2e <2025-11-01>
L3 programming layer <2025-12-24>
 ***********
Package rerunfilecheck Info: File `refman.out' has not changed.
(rerunfilecheck)             Checksum: A1486844F617370B0B7C5F64274D49F9;66317.
 ) 
Here is how much of TeX's memory you used:
 50380 strings out of 467871
 1120824 string characters out of 5417892
 985412 words of memory out of 5000000
 53244 multiletter control sequences out of 15000+600000
 684983 words of font info for 115 fonts, out of 8000000 for 9000
 1141 hyphenation exceptions out of 8191
 103i,16n,117p,1505b,1177s stack positions out of 10000i,1000n,20000p,200000b,200000s
<C:/Users/Stefan/AppData/Local/Programs/MiKTeX/fonts/type1/public/amsfonts/cm
/cmmi10.pfb><C:/Users/Stefan/AppData/Local/Programs/MiKTeX/fonts/type1/public/a
msfonts/cm/cmmi7.pfb><C:/Users/Stefan/AppData/Local/Programs/MiKTeX/fonts/type1
/public/amsfonts/cm/cmsy10.pfb><C:/Users/Stefan/AppData/Local/Programs/MiKTeX/f
onts/type1/public/amsfonts/cm/cmsy7.pfb><C:/Users/Stefan/AppData/Local/Programs
/MiKTeX/fonts/type1/public/amsfonts/cm/cmsy8.pfb><C:/Users/Stefan/AppData/Local
/Programs/MiKTeX/fonts/type1/public/amsfonts/cm/cmsy9.pfb><C:/Users/Stefan/AppD
ata/Local/Programs/MiKTeX/fonts/type1/urw/courier/ucrr8a.pfb><C:/Users/Stefan/A
ppData/Local/Programs/MiKTeX/fonts/type1/urw/courier/ucrro8a.pfb><C:/Users/Stef
an/AppData/Local/Programs/MiKTeX/fonts/type1/urw/helvetic/uhvb8a.pfb><C:/Users/
Stefan/AppData/Local/Programs/MiKTeX/fonts/type1/urw/helvetic/uhvb8ac.pfb><C:/U
sers/Stefan/AppData/Local/Programs/MiKTeX/fonts/type1/urw/helvetic/uhvr8a.pfb><
C:/Users/Stefan/AppData/Local/Programs/MiKTeX/fonts/type1/urw/helvetic/uhvro8a.
pfb>
Output written on refman.pdf (404 pages, 8460901 bytes).
PDF statistics:
 40189 PDF objects out of 45951 (max. 8388607)
 24806 named destinations out of 26593 (max. 500000)
 3335 words of extra memory for PDF output out of 10000 (max. 10000000)

